product_id,title,description,category,price,image_url
4c69b61db1fc16e7013b43fc926e502d,"DB Longboards CoreFlex Crossbow 41"" Bamboo Fiberglass Longboard Complete","Make sure this fits by entering your model number. | RESPONSIVE FLEX: The Crossbow features a bamboo core encased in triaxial fiberglass and HD plastic for a responsive flex pattern that’s second to none. Pumping & carving have never been so satisfying! Flex 2 is recommended for people 120 to 170 pounds. | COREFLEX TECH: CoreFlex construction is water resistant, impact resistant, scratch resistant and has a flex like you won’t believe. These boards combine fiberglass, epoxy, HD plastic and bamboo to create a perfect blend of performance and strength. | INSPIRED BY THE NORTHWEST: Our founding ideal is chasing adventure & riding the best boards possible, inspired by the hills, waves, beaches & mountains all around our headquarters in the Northwest | BEST IN THE WORLD: DB was founded out of sheer love of longboarding with a mission to create the best custom longboards in the world, to do it sustainably, & to treat customers & employees like family | BEYOND COMPARE: Try our skateboards & accessories if you've tried similar products by Sector 9, Landyachtz, Arbor, Loaded, Globe, Orangatang, Hawgs, Powell-Peralta, Blood Orange, Caliber or Gullwing","Sports & Outdoors | Outdoor Recreation | Skates, Skateboards & Scooters | Skateboarding | Standard Skateboards & Longboards | Longboards",$237.68,https://images-na.ssl-images-amazon.com/images/I/51j3fPQTQkL.jpg|https://images-na.ssl-images-amazon.com/images/I/31hKM3cSoSL.jpg|https://images-na.ssl-images-amazon.com/images/I/51WlHdwghfL.jpg|https://images-na.ssl-images-amazon.com/images/I/51FsyLRBzwL.jpg|https://images-na.ssl-images-amazon.com/images/G/01/x-locale/common/transparent-pixel.jpg
66d49bbed043f5be260fa9f7fbff5957,"Electronic Snap Circuits Mini Kits Classpack, FM Radio, Motion Detector, Music Box (Set of 5)","Make sure this fits by entering your model number. | Snap circuits mini kits classpack provides basic electronic circuitry activities for students in grades 2-6 | Includes 5 separate mini building kits- an FM radio, a motion detector, music box, space battle sound effects, and a flying saucer | Each kit includes separate components and instructions to build | Each component represents one function in a circuit; components snap together to create working models of everyday electronic devices | Activity guide provides additional projects to teach students how circuitry works",Toys & Games | Learning & Education | Science Kits & Toys,$99.95,https://images-na.ssl-images-amazon.com/images/I/51M0KnJxjKL.jpg|https://images-na.ssl-images-amazon.com/images/I/5166GD8OkXL.jpg|https://images-na.ssl-images-amazon.com/images/I/61o5S1VnaNL.jpg|https://images-na.ssl-images-amazon.com/images/I/61t4Q0rPYjL.jpg|https://images-na.ssl-images-amazon.com/images/I/61NASUAyqcL.jpg|https://images-na.ssl-images-amazon.com/images/I/51OMrADdyJL.jpg|https://images-na.ssl-images-amazon.com/images/G/01/x-locale/common/transparent-pixel.jpg
2c55cae269aebf53838484b0d7dd931a,"3Doodler Create Flexy 3D Printing Filament Refill Bundle (X5 Pack, Over 1000'. of Extruded Plastics! - Innovate","Make sure this fits by entering your model number. | ✅【Smooth 3D drawing experienced the best 3D drawing experience by only using 3Doodler Create Plastics with 3Doodler Create+ and create 3D Printing pen. | ✅【Safe to use】the 3Doodler Create Plastics, conforms to the health requirements of ASTM-D-4236 & require no additional labelling in accordance with the US Consumer Product safety Commission’s Regulations as mandated by Labeling of Hazardous Art Materials Act (LHAMA). | 👍【3Doodler very own Type of plastic】the FLEXY plastic takes creativity to new levels! You can make flexible fun 3D creations! | 🌍【Environmentally friendly】3doodler create Plastic is made of corn and are 100% compostable! | ✅【125 strands of drawing fun】this bundle includes 5 refill filament packs, that's a total of 1043 ft. Of 3D drawing and doodling fun! | 📱【The 3Doodler app】get an interactive experience! The app is packed with dedicated easy to follow stencil section and step by step interactive instructions, receive badges for completed projects and photograph & share YOUR creations directly on social media. The app is fully built on iOS & Android. | ✅【All your favorite colors】this pack includes: green, blue, pink, orange & yellow",Toys & Games | Arts & Crafts | Craft Kits,$34.99,https://images-na.ssl-images-amazon.com/images/I/513cBC8PqpL.jpg|https://images-na.ssl-images-amazon.com/images/G/01/x-locale/common/transparent-pixel.jpg
18018b6bc416dab347b1b7db79994afa,Guillow Airplane Design Studio with Travel Case Building Kit,Make 8 different Planes at one time. | Experiment with different designs and learn about flight. | All contained in Part trays inside an attractive box with carry handle! | Guillow's - your one source for flying toys since 1926. | Made in the USA.,Toys & Games | Hobbies | Models & Model Kits | Model Kits | Airplane & Jet Kits,$28.91,https://images-na.ssl-images-amazon.com/images/I/516UijZMilL.jpg|https://images-na.ssl-images-amazon.com/images/I/51J6y3oM6VL.jpg|https://images-na.ssl-images-amazon.com/images/G/01/x-locale/common/transparent-pixel.jpg
e04b990e95bf73bbe6a3fa09785d7cd0,Woodstock- Collage 500 pc Puzzle,Make sure this fits by entering your model number. | Puzzle has 500 pieces | Completed puzzle measure 14 x 19 | 100% officially licensed merchandise | Great for fans & puzzlers alike,Toys & Games | Puzzles | Jigsaw Puzzles,$17.49,https://images-na.ssl-images-amazon.com/images/I/61plo8Xv4vL.jpg|https://images-na.ssl-images-amazon.com/images/G/01/x-locale/common/transparent-pixel.jpg
f8c32a45e507a177992973cf0d46d20c,"Terra by Battat – 4 Dinosaur Toys, Medium – Dinosaurs for Kids & Collectors, Scientifically Accurate & Designed by A Paleo-Artist; Age 3+ (4 Pc)","Make sure this fits by entering your model number. | 4 medium-sized dinosaurs for kids, with lifelike pose, accurate ratio, and exquisitely detailed paint | Includes: Parasaurolophus walkeri, Stegosaurus ungulatus, Pachyrhinosaurus, and euoplocephalus tutus toy dinos | Museum Quality: classic toy dinosaurs designed by an internationally renowned paleo-artist | Educational toy: dinosaur toys for kids spark curiosity about paleontology, science, and natural History | Dimensions: Dimensions: miniature figurines measure 6.25-8.5 (L) 1.5-2.25 (W) 2.25-3.5 (H) inches approximately toys 6.25-8.5 (L) 1.5-2.25 (W) 2.25-3.5 (H) inches approximately | No batteries required, just imagination! | Earth-friendly recyclable packaging | Age: suggested for ages 3+ | Collect them all! Discover the entire Terra by Battat family of animal toy figurines and dinosaur playsets!",,$18.66,https://images-na.ssl-images-amazon.com/images/I/41EdPcg0uzL.jpg|https://images-na.ssl-images-amazon.com/images/I/410KcPi9ieL.jpg|https://images-na.ssl-images-amazon.com/images/I/41wU2y7soKL.jpg|https://images-na.ssl-images-amazon.com/images/I/51NIuTiNR1L.jpg|https://images-na.ssl-images-amazon.com/images/I/41lqmJ8s-EL.jpg|https://images-na.ssl-images-amazon.com/images/I/41mJemzRLAL.jpg|https://images-na.ssl-images-amazon.com/images/I/61kyhPnISgL.jpg|https://images-na.ssl-images-amazon.com/images/G/01/x-locale/common/transparent-pixel.jpg
40d3cd16b41970ae6872e914aecf2c8e,"Rubie's Child's Pokemon Deluxe Pikachu Costume, X-Small","Make sure this fits by entering your model number. | Polyester | Deluxe Pokemon child's Pikachu costume features a fleece jumpsuit with attached tail and headpiece with attached ears and printed face | Officially licensed Pokemon costume, look for trademark on packaging and label to help assure you've received authentic safety-tested item | Important: Costumes are sized differently than apparel, use the Rubie's Child Size Chart, do not choose based on child's age or clothing size | Group costume fun: coordinate with additional Pokemon costumes and accessories available from Rubie's | Family-owned, family-focused, and based in the U.S.A. Since 1951, Rubie's has classic and licensed costumes and accessories in sizes and styles for your entire family","Clothing, Shoes & Jewelry | Costumes & Accessories | Kids & Baby | Girls | Costumes",$29.12,https://images-na.ssl-images-amazon.com/images/I/311yBLR6GiL.jpg|https://images-na.ssl-images-amazon.com/images/G/01/x-locale/common/transparent-pixel.jpg
cc2083338a16c3fe2f7895289d2e98fe,"ARTSCAPE Etched Glass 24"" x 36"" Window Film, 24-by-36-Inch",Make sure this fits by entering your model number. | The visual effect of textured glass and stained glass | Creates privacy / Provides UV protection | No adhesives / Applies easily | Patterns repeat to cover any size window | Made in USA,Home & Kitchen | Home Décor | Window Treatments | Window Stickers & Films | Window Films,$12.99,https://images-na.ssl-images-amazon.com/images/I/51iAe3LF7FL.jpg|https://images-na.ssl-images-amazon.com/images/I/417B20oEehL.jpg|https://images-na.ssl-images-amazon.com/images/I/41J3bDg633L.jpg|https://images-na.ssl-images-amazon.com/images/I/51hhnuGWwdL.jpg|https://images-na.ssl-images-amazon.com/images/G/01/x-locale/common/transparent-pixel.jpg
69828c5570dcdbd1609216d33fbad0db,Pokemon TCG: Sun and Moon Crimson Invasion Elite Trainer Box,"Make sure this fits by entering your model number. | The Pokémon TCG: Sun & Moon—Crimson Invasion Elite Trainer Box includes: | 8 Pokémon TCG: Sun & Moon Crimson Invasion booster packs, 65 card sleeves featuring Silvally, 45 Pokémon TCG Energy cards, 6 damage-counter dice | 2 acrylic condition markers and 1 acrylic GX marker, 1 competition-legal coin-flip die | A collector's box to hold everything, with 4 dividers to keep it organized, A player's guide to the Sun & Moon—Crimson Invasion expansion, A code card for the Pokemon Trading Card Game | Official Release Date: November 3rd, 2017",,$38.49,https://images-na.ssl-images-amazon.com/images/I/51LFAQfMX6L.jpg|https://images-na.ssl-images-amazon.com/images/G/01/x-locale/common/transparent-pixel.jpg
7b0746d8afc8462ba17f8a763d9d5f1e,"Moonlite, 3-Story Bundle for Boys, Includes 3 Story Reels for Use with Storybook Projector","Make sure this fits by entering your model number. | 3 story reels: make reading even more magical with the Moonlite story reels bundle! With 3 story reels included in this set, read adventure-filled tales about Pirates, Dragon and a T-Rex to your little boy any time of day, and enjoy them again and again! | Easy-to-use portable storybook projector: The tales included in this 3-pack come alive with Moonlite! Clip the projector (sold separately) onto your smartphone (not included), slide in one of the set's story reels and project vibrant images onto any surface! Moonlite is lightweight and small enough to carry with you wherever you go. | Develop a love of learning: adored by children and adults, award-winning Moonlite and the story reels create an immersive reading experience that instills a love of learning at a young age. As kids follow along to their favorite stories, they develop their imagination, creativity and language skills. | The Moonlite 3-story bundle makes a great gift for boys aged 3 and up and includes 3 story reels. Read tales like how to be a pirate, there was an old Dragon who swallowed a Knight and I'm a T.Rex! Works with the Moonlite storybook projector (sold separately). | Includes: 3 story reels, 1 activation card, 1 quick start guide",Toys & Games | Baby & Toddler Toys,$18.16,https://images-na.ssl-images-amazon.com/images/I/51rUvw7zrtL.jpg|https://images-na.ssl-images-amazon.com/images/I/51MYg4EV2pL.jpg|https://images-na.ssl-images-amazon.com/images/I/51tNGkk%2BQSL.jpg|https://images-na.ssl-images-amazon.com/images/I/51EkeBHHZuL.jpg|https://images-na.ssl-images-amazon.com/images/I/51FGAr81NXL.jpg|https://images-na.ssl-images-amazon.com/images/I/511xp-dN1nL.jpg|https://images-na.ssl-images-amazon.com/images/I/B1HrN5Ag7JS.jpg|https://images-na.ssl-images-amazon.com/images/G/01/x-locale/common/transparent-pixel.jpg
c5f4c94653a3befd8dd16adf2914c04e,DC Cover Girls: Black Canary by Joëlle Jones Statue,"Make sure this fits by entering your model number. | Designed by Joelle Jones | Sculpted by Jack Mathews | Rebirth-era character design | Limited to 5, 000 pieces | Individually numbered","Toys & Games | Collectible Toys | Statues, Bobbleheads & Busts | Statues",$84.61,https://images-na.ssl-images-amazon.com/images/I/415AfhrfM7L.jpg|https://images-na.ssl-images-amazon.com/images/G/01/x-locale/common/transparent-pixel.jpg
615ba903c134f439eaf8cdd1678ceb5c,"Baby Doll Bedding Chevron Window Valance and Curtain Set, Orange",Fits most standard sized windows | Modern chevron design | Fabric content: chevron and solid poly fabric,Baby Products | Nursery | Décor | Window Treatments | Valances,$33.92,https://images-na.ssl-images-amazon.com/images/I/51wmH8yyGxL.jpg|https://images-na.ssl-images-amazon.com/images/G/01/x-locale/common/transparent-pixel.jpg
82c86a4d24dce5e14303033d7b658b78,"LEGO Minecraft Creeper BigFig and Ocelot Characters 21156 Buildable Toy Minecraft Figure Gift Set for Play and Decoration, New 2020 (184 Pieces)","Make sure this fits by entering your model number. | Put Minecraft adventures in kids' hands with authentic real-world LEGO models of two iconic characters from the popular video game: a LEGO BigFig Creeper and an Ocelot that are fun to build, play with, display and collect | The extra-large, easy-to-build BigFig Creeper and the Ocelot add a whole new physical dimension to the Minecraft game, and movable limbs maximize possibilities for independent play and action poses | This awesome LEGO Minecraft BigFig Creeper and Ocelot are fun to build, bring the video game's action-packed creativity to life, and are great additions to any LEGO Minecraft fan's collection | This easy-to-build LEGO set makes a great holiday, birthday or anyday gift for all Minecraft players ages 7 and up and anyone wanting to expand their LEGO Minecraft collection | At over 4” (10cm) tall, the BigFig Creeper offers Minecraft fun on a large scale, whether it's sharing an adventure with the Ocelot (over 1” or 5cm tall) or spreading panic among other LEGO Minecraft BigFigs",Toys & Games | Building Toys | Building Sets,$14.99,https://images-na.ssl-images-amazon.com/images/I/51LoYG%2BDsLL.jpg|https://images-na.ssl-images-amazon.com/images/I/41iJZfG7RGL.jpg|https://images-na.ssl-images-amazon.com/images/I/51e0Ya7DqhL.jpg|https://images-na.ssl-images-amazon.com/images/I/51-hadIdxSL.jpg|https://images-na.ssl-images-amazon.com/images/I/51oI9%2BDm6BL.jpg|https://images-na.ssl-images-amazon.com/images/I/51yQeWvfOlL.jpg|https://images-na.ssl-images-amazon.com/images/I/51Yrqzea0zL.jpg|https://images-na.ssl-images-amazon.com/images/G/01/x-locale/common/transparent-pixel.jpg
1ecccb43e0f5c0162218371916ffa553,C&D Visionary DC Comic Originals Flash Logo Sticker,"Make sure this fits by entering your model number. | Sticker is great for Walls, Doors, Desks, Guitars, Cars, Windows, and Notebooks | Comes ready to install, just peel the back and apply on clean surface | Great to be used on any scrapbooking projects | The absolute best sticker you will ever own is now available",Toys & Games | Arts & Crafts | Craft Kits,$4.99,https://images-na.ssl-images-amazon.com/images/I/51RLMxSin-L.jpg|https://images-na.ssl-images-amazon.com/images/G/01/x-locale/common/transparent-pixel.jpg
d1ac6d805fcdf75f9e00af611dd03ce4,"The Learning Journey ABC Melody Maker, Primary",Make sure this fits by entering your model number. | ABC Melody Maker is an exciting electronic learning companion featuring five fun games and a ten note musical keyboard sure to entertain and educate youngsters | This colorful interactive unit features an activity selector that puts kids in charge of choosing their fun | Children won't even realize they're learning! Song book included | Requires three AA batteries (included) | For ages 3 and up | Cheerful melodies | 5 educational games | Develops language skills | Reinforces listening and comprehension abilities,Toys & Games | Baby & Toddler Toys | Musical Toys,$34.39,https://images-na.ssl-images-amazon.com/images/I/61EE6qrO2BL.jpg|https://images-na.ssl-images-amazon.com/images/I/41K2cemcS%2BL.jpg|https://images-na.ssl-images-amazon.com/images/I/519ghjzl2vL.jpg|https://images-na.ssl-images-amazon.com/images/I/51HrH7ciDYL.jpg|https://images-na.ssl-images-amazon.com/images/I/51dCgcBuqaL.jpg|https://images-na.ssl-images-amazon.com/images/I/71mdBUQPvFL.jpg|https://images-na.ssl-images-amazon.com/images/G/01/x-locale/common/transparent-pixel.jpg
d82015ffbf4cd54b0edfb890002971f3,"The Complete Common Core: State Standards Kit, Grade 5","Make sure this fits by entering your model number. | Perfect all-inclusive resource for teachers | Provides focus for instruction in the perfect time-saving format | Pre-printed, easily organized system that provides an entire list of Common Core State Standards in both math and language arts | Includes divider cards, grade-specific 2-sided cards with ""I Can"" statements on one side and the corresponding standard on the other | 124 standards cards, 11 dividers",Toys & Games | Learning & Education | Flash Cards,$12.88,https://images-na.ssl-images-amazon.com/images/I/41gxkFaSFfL.jpg|https://images-na.ssl-images-amazon.com/images/I/41kkqglR8UL.jpg|https://images-na.ssl-images-amazon.com/images/I/51DAhW0e2pL.jpg|https://images-na.ssl-images-amazon.com/images/I/3133HWxBz0L.jpg|https://images-na.ssl-images-amazon.com/images/G/01/x-locale/common/transparent-pixel.jpg
39f1b8a2129315da0288cd058b6b6086,Flash Furniture 25''W x 45''L Trapezoid Red HP Laminate Activity Table - Height Adjustable Short Legs,Collaborative Trapezoid Activity Table | Table can be used alone or grouped together for cooperative learning | Recommended Grade Level: Preschool | Recommended Seating Capacity: 3 Children | Scratch and Stain Resistant Surface,Home & Kitchen | Furniture | Kids' Furniture | Tables & Chairs | Tables,$117.26,https://images-na.ssl-images-amazon.com/images/I/31WxfYlS8XL.jpg|https://images-na.ssl-images-amazon.com/images/G/01/x-locale/common/transparent-pixel.jpg
4af0833f20a8421788fc04577b0ef1c5,Schylling Veterinarian Kit,"Make sure this fits by entering your model number. | For the animal lover in the family, a complete veterinarian kit; perfect for the aspiring vet | Contains everything you need, 8 specialist veterinarian tools, Clipboard, and 2 special x-ray cards that you can see through when held up to the light | A great STEM/ steam toy, learn about animals and their health needs, Features dogs, cats, rabbits, horses and a pot-bellied pig | Comes in a portable “doctors” bag that holds everything in special trays; secures with a clasp and has a fold down handle | An excellent gift for boys and girls ages 3+",Toys & Games | Novelty & Gag Toys | Money Banks,$9.39,https://images-na.ssl-images-amazon.com/images/I/51wOrcShPHL.jpg|https://images-na.ssl-images-amazon.com/images/I/41KtrpEc-OL.jpg|https://images-na.ssl-images-amazon.com/images/I/416oOTjDxjL.jpg|https://images-na.ssl-images-amazon.com/images/G/01/x-locale/common/transparent-pixel.jpg
fd71391871b94ead84733bc272dd5886,Yellies! Frizz; Voice-Activated Spider Pet; Ages 5 & Up,"Make sure this fits by entering your model number. | Sound-activated movement–yell, talk, sing, clap, or play music. | The louder you yell, the faster they go! | Each cuddly yellies! Spider has a unique personality. Find your favorite! | Watch yellies! Pets’ eyes light up and legs move as they respond to your voice. | Includes 1 bellies! Ages 5 and up.",Toys & Games | Baby & Toddler Toys | Musical Toys,$17.85,https://images-na.ssl-images-amazon.com/images/I/41YYqvdWT5L.jpg|https://images-na.ssl-images-amazon.com/images/I/41DPgMd86%2BL.jpg|https://images-na.ssl-images-amazon.com/images/I/51r576EiIoL.jpg|https://images-na.ssl-images-amazon.com/images/I/51gCz94AkML.jpg|https://images-na.ssl-images-amazon.com/images/I/51yYcBhA-CL.jpg|https://images-na.ssl-images-amazon.com/images/I/51QQm1rXLKL.jpg|https://images-na.ssl-images-amazon.com/images/G/01/x-locale/common/transparent-pixel.jpg
a84f14dd0114d78f178b16f093cab0e0,Disney HK318329 Sofia The First Sleepover Set,"Make sure this fits by entering your model number. | 100% Polyester | Features colorful and unique Sofia the First designs | Perfect for traveling and sleepovers | Set includes eye mask, slumber sack, and carry purse | 100% Polyester | Slumber Sack Dimensions: 27"" x 57""",Toys & Games | Sports & Outdoor Play | Slumber Bags,$27.50,https://images-na.ssl-images-amazon.com/images/I/51oF4e0NvcL.jpg|https://images-na.ssl-images-amazon.com/images/I/41RYGh-7NOL.jpg|https://images-na.ssl-images-amazon.com/images/G/01/x-locale/common/transparent-pixel.jpg
f5b9392a03cfae8817307a36411c8b17,Team Associated 9665 Hinge Pin Brace with Hinge Pins B4/T4,Anodized blue | Perfect for the racing enthusiast | Aluminum Construction,Toys & Games | Hobbies | Hobby Building Tools & Hardware | RC Linkages,$10.99,https://images-na.ssl-images-amazon.com/images/I/41bHRYbeLgL.jpg|https://images-na.ssl-images-amazon.com/images/G/01/x-locale/common/transparent-pixel.jpg
89a993dbc079cc3fbe9088c8170b6f99,"PLUS PLUS - Construction Building Toy, Open Play Set - 3,600 Pieces with Storage Tub - Basic Color Mix","Make sure this fits by entering your model number. | SIMPLE DESIGN - FUELS CREATIVITY: One shape, endless possibilities! Every brick easily connects to the next. Create colorful flat mosaics or work in 3-D to make more intricate builds. Mix and match any Plus-Plus set to bring more ideas to life! | EDUCATIONAL FUN: Plus-Plus empowers children with free explorative play as they encourage fine motor skills, logic, creativity and imagination all without the use of screens. A great STEM toy. | PERFECT FOR ON-THE-GO: Design and build your creations any way you want, wherever you want! Great for every adventure – car rides, restaurants, a friend’s house, or in your own living room. Stay entertained for hours! | Playset includes 3,600 pieces inside a reuseable storage tub and an Idea Guide Booklet for building.",Toys & Games | Building Toys | Building Sets,$159.99,https://images-na.ssl-images-amazon.com/images/I/51qmz2JiIHL.jpg|https://images-na.ssl-images-amazon.com/images/I/41ZItvbSFML.jpg|https://images-na.ssl-images-amazon.com/images/I/41%2BAGovcVHL.jpg|https://images-na.ssl-images-amazon.com/images/I/519pSZe%2BFgL.jpg|https://images-na.ssl-images-amazon.com/images/I/41jEl9-7SdL.jpg|https://images-na.ssl-images-amazon.com/images/I/41hQAb5heyL.jpg|https://images-na.ssl-images-amazon.com/images/I/41DPx6b6fRL.jpg|https://images-na.ssl-images-amazon.com/images/G/01/x-locale/common/transparent-pixel.jpg
84fb43b933850dc05e57a162c5ba1702,"Big Party Pack Orange Peel Plastic Plates | 10.25"" | Pack of 50 | Party Supply","Make sure this fits by entering your model number. | Big party pack lunch/dinner plates 10. 5"" 50/pkg sturdier than most standard plastic plates bright and vibrant color 10. 5 inch plates made in the USA",Toys & Games | Party Supplies | Party Tableware | Plates,$12.63,https://images-na.ssl-images-amazon.com/images/I/41BRiHD0dYL.jpg|https://images-na.ssl-images-amazon.com/images/G/01/x-locale/common/transparent-pixel.jpg
af983053a35fa2a843092369ff3b400b,Peppa Pig Shape Sorter Clock Puzzle (12Piece),"Make sure this fits by entering your model number. | The removable, brightly colored wooden shapes with numbers printed beneath the shapes allow for greater interaction and ease of matching | With this shape sorter clock, learning to tell time is made fun and simple! | 12 die-cut wooden shapes, clock face labeled with hours and minutes, wooden clock stand and bright fun colors with smooth edges",Toys & Games | Baby & Toddler Toys | Teaching Clocks,$11.88,https://images-na.ssl-images-amazon.com/images/I/519BaFjimBL.jpg|https://images-na.ssl-images-amazon.com/images/I/51vOIUMj0ML.jpg|https://images-na.ssl-images-amazon.com/images/I/51QRaxeSHcL.jpg|https://images-na.ssl-images-amazon.com/images/G/01/x-locale/common/transparent-pixel.jpg
326ebcfaa8d5204b634b5648e88e2fe4,NKOK Sonic and Sega All Stars Racing Remote Controlled Car - Sonic The Hedgehog,Make sure this fits by entering your model number. | Requires 6AA batteries (not included) | This product was awarded the Fun Stuff award by Parents' Choice Foundation | For Ages 6 and Up | Official sonic product | Full function radio control | Requires 6 AA batteries (not included) | Limited availability | New and sealed inside retail packaging,Toys & Games | Kids' Electronics,$26.99,https://images-na.ssl-images-amazon.com/images/I/51M1sShThFL.jpg|https://images-na.ssl-images-amazon.com/images/I/410BRNy1DyL.jpg|https://images-na.ssl-images-amazon.com/images/I/41qE7aAEXPL.jpg|https://images-na.ssl-images-amazon.com/images/I/31dPZVJqwRL.jpg|https://images-na.ssl-images-amazon.com/images/G/01/x-locale/common/transparent-pixel.jpg
a11d9462309527143094a0f68bce0a58,Industro Stainless Steel Hose Clamps,"Make sure this fits by entering your model number. | Rectangular perforations help to hold strong and connect easily. Color: Silver. | Tub makes for easy storage. Product Dimension: 2""D x 0. 6""H x 2""W | Size: 1-3/4"", Size range: 3/4"" to 1-3/4"", Finish: Stainless Steel. | AISI 300 series stainless steel material. | Corrosion resistant. : 1 year.",Home & Kitchen | Home Décor | Kids' Room Décor,$34.27,https://images-na.ssl-images-amazon.com/images/I/41y%2BKv5LLzL.jpg|https://images-na.ssl-images-amazon.com/images/I/319j8eJEtNL.jpg|https://images-na.ssl-images-amazon.com/images/G/01/x-locale/common/transparent-pixel.jpg
fdd8daf07ddd4a23832f3da7d209252f,"Oopsy Daisy Birchwood Owl Growth Chart, Pink, 12"" x 42""",Art by Jen Christopher | Color-coordinated decorative covers are supplied that fit over the screw or nail to create a finished look | Grommets are placed in the corners to make hanging easy | Ideal gift for baby showers and first birthdays | Easy to store - just roll up each height chart as a treasured keepsake,Baby Products | Nursery | Décor | Wall Décor | Growth Charts,$18.70,https://images-na.ssl-images-amazon.com/images/I/31B3hyqqWAL.jpg|https://images-na.ssl-images-amazon.com/images/I/41SjEJ1%2B-6L.jpg|https://images-na.ssl-images-amazon.com/images/I/51HESzXLyqL.jpg|https://images-na.ssl-images-amazon.com/images/I/41%2BTcyn0oKL.jpg|https://images-na.ssl-images-amazon.com/images/I/51r8Uk%2Bf1tL.jpg|https://images-na.ssl-images-amazon.com/images/I/511NoA3bRQL.jpg|https://images-na.ssl-images-amazon.com/images/I/3168ZmkMkZL.jpg|https://images-na.ssl-images-amazon.com/images/G/01/x-locale/common/transparent-pixel.jpg
c15e7efbe14b9bbcb8b7fe31f9818021,Springbok Puzzles - Christmas Wishes - 400 Piece Jigsaw Puzzle - Large 26.75 Inches by 20.5 Inches Puzzle - Made in USA - Unique Cut Interlocking Pieces - Big Pieces for Kids & Small Pieces for Adults,"Make sure this fits by entering your model number. | 400 PIECE JIGSAW PUZZLE - Featuring a finished size of 26.75 inches by 20.5 inches with a precision cut that ensures a tight, interlocking heirloom-quality puzzle | MADE IN USA - Manufactured in Kansas City, Missouri; Springbok Puzzles have been American made since 1963 | ECO-FRIENDLY - Springbok Puzzles are manufactured with sustainably sourced organic, non-toxic soy-based inks & utilizes 100% recycled puzzle board materials | UNIQUE CUT PIECES - Each puzzle piece is unique and never repeated; Springbok Puzzle pieces are made from thick cut 75 point board, 18% thicker than the industry average | EASY NO HASSLE PUZZLE WARRANTY - All Springbok Puzzle products are covered with our satisfaction guarantee on materials and craftsmanship",Toys & Games | Puzzles | Jigsaw Puzzles,$14.95,https://images-na.ssl-images-amazon.com/images/I/518B%2BLjZbOL.jpg|https://images-na.ssl-images-amazon.com/images/I/514kzTP1M%2BL.jpg|https://images-na.ssl-images-amazon.com/images/I/51kGTNu1CmL.jpg|https://images-na.ssl-images-amazon.com/images/I/51UDOwMmdOL.jpg|https://images-na.ssl-images-amazon.com/images/I/51CdU8KL%2BxL.jpg|https://images-na.ssl-images-amazon.com/images/I/51TlzvJ4HHL.jpg|https://images-na.ssl-images-amazon.com/images/I/61dQuCGTN1L.jpg|https://images-na.ssl-images-amazon.com/images/G/01/x-locale/common/transparent-pixel.jpg
5bb4a9aa52085ada20006d166b1e2f87,Franklin Sports Eye Black Stickers for Kids - Customizable Lettering Baseball and Football Eye Black Stickers - White Pencil Included,"Make sure this fits by entering your model number. | EASY USE: Just peel and stick these eyeblack stickers under the eyes to use; This non toxic material is safe to use and will stay on as long as you need; No mistakes, no mess | FULLY CUSTOMIZABLE: Write anything you want on these eyeblack stickers to personalize them exactly to your liking | WHITE PENCIL INCLUDED: The special white pencil to write on your stickers is included in the set so you'll have everything you need | REDUCE GLARE: The eye black stickers will help reduce glare from the sun and bright lights so you can keep your eye on the ball | PERFECT FOR ALL AGES: These stickers are a great way for players young and old to reduce glare and add some style to their look",Sports & Outdoors | Sports & Fitness | Team Sports,$6.91,https://images-na.ssl-images-amazon.com/images/I/51CiVVrsClL.jpg|https://images-na.ssl-images-amazon.com/images/I/41qxTDiJDaL.jpg|https://images-na.ssl-images-amazon.com/images/I/51-DoCmbB1L.jpg|https://images-na.ssl-images-amazon.com/images/G/01/x-locale/common/transparent-pixel.jpg
2339c5be505bf647ebff669697c6bc25,Costume Sunglasses Clown from IT Sun-Staches Party Favors UV400,"Make sure this fits by entering your model number. | All Sun-Staches Sunglasses provide 100% UV400 protection and impact resistant lenses because we care! | Instant party starter and very comfortable to wear | Great for kids and adults, one size fits most | As seen on the popular show, Shark Tank | Officially licensed product",Toys & Games | Dress Up & Pretend Play | Costumes,$5.99,https://images-na.ssl-images-amazon.com/images/I/41UH2QoXb2L.jpg|https://images-na.ssl-images-amazon.com/images/I/41uc1vqLzYL.jpg|https://images-na.ssl-images-amazon.com/images/I/41LEOE0f8ZL.jpg|https://images-na.ssl-images-amazon.com/images/I/51EolpdzngL.jpg|https://images-na.ssl-images-amazon.com/images/G/01/x-locale/common/transparent-pixel.jpg
93c659c89f9a1a81374c61c3fdf881bb,"Jay Franco Disney Frozen 2 Forest Spirit Twin/Full Comforter & Sham Set, Mutli","Make sure this fits by entering your model number. | 100% Polyester | PERFECT FIT & FUN DESIGN - Reversible twin/full sized comforter measures 72 inch x 86 inches and sham measures 24 inch x 20 inches. Add a touch of decorative enchantment to your room with our fashionable and super soft Disney Frozen 2 comforter. Colorful and magical design features your child’s favorite Disney sisters, Elsa and Anna. | HIGH QUALITY & EASY CARE - Keep your little one as cozy as can be! Frozen 2 comforter is super soft and great for all seasons. 100% brushed microfiber polyester allows for a comfortable night's sleep. Fade resistant and machine washable. To clean, machine wash cold. To dry, air/tumble dry on low. | GREAT GIFT – This Disney Frozen 2 comforter will make any child smile and will transform any bedroom, guest room, kids room, RV, or vacation home. Great gift for school or home. It rolls up for easy storage and travel. This only the comforter, sheet set is sold separately. | SHOP THE FROZEN 2 COLLECTION - Complete your bedroom with our other Disney Frozen 2 products - Coordinating bedding and accessories available (sold separately). | OUR FAMILY COMPANY - Our company is still small and family run. We take great pride in our products and our unsurpassed customer service. We know that our wonderful customers are the reason we are in business! We offer excellent quality, non-toxic products. With our coordinating Frozen 2 accessories, you can mix and match our high-quality and unique boy’s comforter sets, girl’s comforter sets, kids sheet sets, or kids pillows.",Home & Kitchen | Bedding | Kids' Bedding | Comforters & Sets | Comforter Sets,$36.37,https://images-na.ssl-images-amazon.com/images/I/41uqfIm8fZL.jpg|https://images-na.ssl-images-amazon.com/images/I/41M%2ByCtzg1L.jpg|https://images-na.ssl-images-amazon.com/images/I/41CMvKDE-xL.jpg|https://images-na.ssl-images-amazon.com/images/I/51DpcukS7pL.jpg|https://images-na.ssl-images-amazon.com/images/G/01/x-locale/common/transparent-pixel.jpg
25a1fcc6db40f86566c5f2d902407b15,TAMASHII NATIONS Bandai S.H. Figuarts Captain America & Tamashii Effect Explosion Avengers: Infinity War Action Figure,"Make sure this fits by entering your model number. | Battle damage detailing to his costume have been carefully replicated and a digitally colored head is included. | Product size: approx. 6.1"" | Package size: approx. 11.2x7. 5x5. 1 in",Toys & Games | Toy Figures & Playsets | Action Figures,$60.87,https://images-na.ssl-images-amazon.com/images/I/41pkph02FPL.jpg|https://images-na.ssl-images-amazon.com/images/I/51QDRpf6OzL.jpg|https://images-na.ssl-images-amazon.com/images/I/51UiFERSc4L.jpg|https://images-na.ssl-images-amazon.com/images/I/51nO%2BfhbOaL.jpg|https://images-na.ssl-images-amazon.com/images/I/41grtb6UbSL.jpg|https://images-na.ssl-images-amazon.com/images/I/510%2B8amlrnL.jpg|https://images-na.ssl-images-amazon.com/images/I/51NG1Fb-vOL.jpg|https://images-na.ssl-images-amazon.com/images/G/01/x-locale/common/transparent-pixel.jpg
171c7524e8cf032d08d1315f3a538345,"Forum Novelties Union Officer Child's Costume, Medium","Make sure this fits by entering your model number. | Union Officer child costume contains shirt coast with gold tone buttons and pants with decorative trim | READ BEFORE BUYING: Costumes are not the same sizing as clothing, read size chart, Q & A, and reviews to know the best size for your child | Medium fits children 46 to 53 Inch tall, up to 62 pounds | Hat and gun sold separately | Forum Novelties makes costumes and accessories for dress-up, stage performances, costume parties, Halloween and more","Clothing, Shoes & Jewelry | Costumes & Accessories | Kids & Baby | Boys | Costumes",$21.07,https://images-na.ssl-images-amazon.com/images/I/314rdsW5WLL.jpg|https://images-na.ssl-images-amazon.com/images/I/413N%2BekN88L.jpg|https://images-na.ssl-images-amazon.com/images/I/51fUN4SzEkL.jpg|https://images-na.ssl-images-amazon.com/images/G/01/x-locale/common/transparent-pixel.jpg
4449b3fa30a6becd3ede26511c8b2180,Disney Mickey Golf Ball Spinner Pewter Key Ring Key Accessory,Make sure this fits by entering your model number. | Makes a great gift | Interesting spinning component | A Disney and golf fan dream,Toys & Games | Novelty & Gag Toys,$8.44,https://images-na.ssl-images-amazon.com/images/I/31iK4bdZltL.jpg|https://images-na.ssl-images-amazon.com/images/I/41qmYRIHDhL.jpg|https://images-na.ssl-images-amazon.com/images/G/01/x-locale/common/transparent-pixel.jpg
4832387affc268b3c9d6cca70dbdbcb4,"Anagram International 3085101 Go Team Megaphone Shop Balloon Pack, 29""",Make sure this fits by entering your model number. | Top quality foil will float for one week with helium | Self-sealing valve seals itself during inflation | Highly durable | This product is easy to use and highly durable | Manufactured in USA,Toys & Games | Party Supplies,$6.45,https://images-na.ssl-images-amazon.com/images/I/51DcBG52cRL.jpg|https://images-na.ssl-images-amazon.com/images/I/31WA1JiOhML.jpg|https://images-na.ssl-images-amazon.com/images/G/01/x-locale/common/transparent-pixel.jpg
487a3cc651bddbccb4738ef1e5aa40d0,"Happy Birthday Jointed Letter Banner, Under Construction","Make sure this fits by entering your model number. | Diecut block letters strung together relay your birthday message to all who read it | Includes one 8' long x 7"" tall banner | Trim any doorway, wall or banquet table | Create a fantastic themed party from beginning to end | Shop Creative Converting's extensive line of coordinating Under Construction themed party supplies, dinnerware and decorations",Toys & Games | Party Supplies | Banners,$3.12,https://images-na.ssl-images-amazon.com/images/I/31kDRZp3aYL.jpg|https://images-na.ssl-images-amazon.com/images/G/01/x-locale/common/transparent-pixel.jpg
c3296d8ad42c3998c205f0dbca3998f3,Poopsie Unicorn Crush with Glitter and Slime Surprise (2-Pack),"Make sure this fits by entering your model number. | Make magical sparkle slime with Poopsie Unicorn crush! | Dip in water, then crush in separate dry bowl for a glitter explosion. Dip in water, then crush in separate dry bowl for a glitter explosion. | Mix included pre-made slime into the glitter for magical, sparkly slime. | Includes a clear unicorn horn to store and display sparkle slime. | 35+ to collect in so many colors of glitter and slime.",Toys & Games | Dolls & Accessories | Doll Accessories,$6.94 $ 6 . 94,https://images-na.ssl-images-amazon.com/images/I/514Kr37-10L.jpg|https://images-na.ssl-images-amazon.com/images/I/41hFdVG9lqL.jpg|https://images-na.ssl-images-amazon.com/images/I/41RXEIDXcNL.jpg|https://images-na.ssl-images-amazon.com/images/I/41auN92JFqL.jpg|https://images-na.ssl-images-amazon.com/images/I/4171knV21cL.jpg|https://images-na.ssl-images-amazon.com/images/I/41Il7hHzd6L.jpg|https://images-na.ssl-images-amazon.com/images/I/B18UMISIHxS.jpg|https://images-na.ssl-images-amazon.com/images/G/01/x-locale/common/transparent-pixel.jpg
3d63af78f4051d04ff6244e9cd299654,Funko Pop! Games: Persona 5 - The Joker (Styles May Vary),"Make sure this fits by entering your model number. | From persona 5, the Joker (styles may vary), as a stylized POP vinyl from Funko! | Stylized collectable stands 3 ¾ inches tall, perfect for any persona 5 fan! | There's a 1/6 chance you'll receive a rare, Chase version, of the Joker! | Collect and display all persona 5 items from Funko!",,$15.45,https://images-na.ssl-images-amazon.com/images/I/41TFQrt8IpL.jpg|https://images-na.ssl-images-amazon.com/images/I/51nIrWfncoL.jpg|https://images-na.ssl-images-amazon.com/images/I/51CmjcegnTL.jpg|https://images-na.ssl-images-amazon.com/images/G/01/x-locale/common/transparent-pixel.jpg
a1793c26a96a83a1544300a431e62902,Klutz Decorate This Journal Toy,"Make sure this fits by entering your model number. | A guided journal that you personalize inside and out | Learn frosting-like techniques | High-quality puffy paste and fancy charms, plus Klutz clear instructions how to use them | Great for Ages 8+ | Includes a 60 pages of instructions and journal pages",Toys & Games | Arts & Crafts | Craft Kits,$16.01,https://images-na.ssl-images-amazon.com/images/I/61t-EZ%2B7P5L.jpg|https://images-na.ssl-images-amazon.com/images/I/51G2OyqOBuL.jpg|https://images-na.ssl-images-amazon.com/images/I/51yVY1OP2eL.jpg|https://images-na.ssl-images-amazon.com/images/I/51rIzTHrMrL.jpg|https://images-na.ssl-images-amazon.com/images/I/51KSbJMApxL.jpg|https://images-na.ssl-images-amazon.com/images/G/01/x-locale/common/transparent-pixel.jpg
486702a222224c41f9e243713d03f27a,Random Esoteric Creature Generator for Classic Fantasy Rpgs & Their Modern Simulacra,"Make sure this fits by entering your model number. | Looking to instill a little fear in your Game? Then look no further! | Nothing brings the thrill – and terror – of discovery to a Game like new monsters. Faced with the unknown, mighty-thewed heroes tremble in their hauberks, Wizen Wizards fumble with their spell books, and even the most audacious of rogues hesitate before plunging into battle. | Nevermore worry that your players have memorized every monster’s stat, power and weakness. Nevermore Resort to tired fantasy clichés, and worn out monsters fought a thousand times before. The random esoteric creature generator ensures that each Monster your PCs cross is unique, unexpected, and best of all – Unknown. | With an unlimited number of horrific combinations, This is the last Monster book you will ever need.  Bring terror back to the table with the random esoteric creature generator!",Toys & Games | Games & Accessories,$19.94,https://images-na.ssl-images-amazon.com/images/I/51oatsxdgAL.jpg|https://images-na.ssl-images-amazon.com/images/G/01/x-locale/common/transparent-pixel.jpg
6eedbf9388a4d905870f8fcd20790823,Bachmann Trains Great Northern Gondola,"Blackened machined-metal wheels with RP25 contours | Magnetically operated, body mounted E-Z Mate couplers | Non-magnetic, blackened brass axles with needlepoint bearings | Celcon trucks | Added weight for optimum tracking",Toys & Games | Hobbies | Trains & Accessories | Train Cars | Freight Cars | Gondolas,$22.38,https://images-na.ssl-images-amazon.com/images/I/31kzNqRrchL.jpg|https://images-na.ssl-images-amazon.com/images/I/31plgceYnLL.jpg|https://images-na.ssl-images-amazon.com/images/G/01/x-locale/common/transparent-pixel.jpg
dbf306088532d98d12f7da924cb4e87b,"Disney's Alice in Wonderland, ""The Hatter's Mad"" Woven Tapestry Throw Blanket, 48"" x 60"", Multi Color","Make sure this fits by entering your model number. | Features the mad hatter from the live-action film on a fun green background | Detailed, woven throw blanket; Decorative fringes around all edges | Measures 48""W x 60""L | Machine wash cold separately using delicate cycle and mild detergent. Do not bleach. Machine dry separately on gentle cycle. Remove promptly. Do not iron.",Home & Kitchen | Bedding | Kids' Bedding | Blankets & Throws | Throws,$35.00,https://images-na.ssl-images-amazon.com/images/I/61cQuMg%2BzRL.jpg|https://images-na.ssl-images-amazon.com/images/G/01/x-locale/common/transparent-pixel.jpg
437d953bb394e40c86873504d40e1b44,Pacific Play Tent Agility Dog Training Chute,Tunnel size: 3 ft. x 24 inch with 8 ft chute - Tunnel collapses flat for easy storage and portability | 190T 70 Denier Polyester Taffeta fabric with durable construction for long lasting play and fun | Interior padding around hardened heavy duty spring steel wire structure for safety and playtime comfort | Easily wipes clean with a damp cloth and mild soap - indoor or outdoor use | One end of the dog training tunnel has a Velcro lip to attach the training chute,Pet Supplies | Dogs | Training & Behavior Aids | Agility Equipment | Tunnels,$37.98,https://images-na.ssl-images-amazon.com/images/I/31OFz0j98cL.jpg|https://images-na.ssl-images-amazon.com/images/I/61kP0i8owAL.jpg|https://images-na.ssl-images-amazon.com/images/I/51aisSIU1fL.jpg|https://images-na.ssl-images-amazon.com/images/I/51bYg916xIL.jpg|https://images-na.ssl-images-amazon.com/images/I/41k5Ix%2BtMbL.jpg|https://images-na.ssl-images-amazon.com/images/I/41c0rt7HKuL.jpg|https://images-na.ssl-images-amazon.com/images/I/51HwbzjnbyL.jpg|https://images-na.ssl-images-amazon.com/images/G/01/x-locale/common/transparent-pixel.jpg
e84e6e3a05a6fc610ff155b851fa1713,Barbie Babysitters Inc. Popcorn Set,"Make sure this fits by entering your model number. | Play out babysitting stories with these Barbie that come with themed babysitting supplies | Choose from dolls with different looks and different accessories | Each doll wears a casual outfit with a matching pair of shoes and comes with five additional pieces | Accessories include items like a bottle, cell phone and list, plus a unique food piece and a popular child’s toy | Collect them all!",Toys & Games | Dolls & Accessories | Dolls,$9.93,https://images-na.ssl-images-amazon.com/images/I/41NtDcWj7SL.jpg|https://images-na.ssl-images-amazon.com/images/I/51zoEkZm90L.jpg|https://images-na.ssl-images-amazon.com/images/I/51yp76vvWrL.jpg|https://images-na.ssl-images-amazon.com/images/I/41QEb8lvOdL.jpg|https://images-na.ssl-images-amazon.com/images/I/41lm7ZYBMML.jpg|https://images-na.ssl-images-amazon.com/images/I/41gUjZldJjL.jpg|https://images-na.ssl-images-amazon.com/images/I/41NVB4yvW4L.jpg|https://images-na.ssl-images-amazon.com/images/G/01/x-locale/common/transparent-pixel.jpg
54f37f5ba4be7549cdf4a945bf1bdaad,"Losi Ride Height Gauge, LOSA99173",Ride Height Gauge will work with all 1/10- and 1/8-scale vehicles | Rugged construction ensures the gauge will not fail or break easily | Clear markings make the gauge easy to read and use,Toys & Games | Hobbies | Remote & App Controlled Vehicles & Parts | Remote & App Controlled Vehicle Parts,$11.99,https://images-na.ssl-images-amazon.com/images/I/31aySv2AslL.jpg|https://images-na.ssl-images-amazon.com/images/G/01/x-locale/common/transparent-pixel.jpg
4f41e104e3332ef045a90d8a294ffbd5,Melissa & Doug Disney Cinderella Rags to Riches Wooden Magnetic Game With 10 Magnetic Pieces and Wand,Make sure this fits by entering your model number. | Melissa & Doug Cinderella Rags to Riches Wooden Magnetic Game,Toys & Games | Learning & Education,$11.12,https://images-na.ssl-images-amazon.com/images/I/61Dh3Liw2dL.jpg|https://images-na.ssl-images-amazon.com/images/I/41vXktBhBpL.jpg|https://images-na.ssl-images-amazon.com/images/G/01/x-locale/common/transparent-pixel.jpg
a6c9ec0ff537edf9736f99b3ca993506,VTech Twist and Hug Koala Rattle,"Make sure this fits by entering your model number. | Press the twinkling heart button to trigger phrases about feelings, fun facts about the koala, silly sounds and entertaining music and songs | Your little one will be delighted when shaking the adorable koala, hearing playful sounds and short tunes | Twisting the koala's colorful textured ears develop motor skills and promote tactile stimulation | Easy-grasp textured handle is perfectly sized for little ones to hold and shake, plus it's great for on-the-go play | Intended for ages 3-24 months. Requires 1 AAA battery. Battery included for demo purposes only, new battery recommended for regular use",Toys & Games | Kids' Electronics | Electronic Learning Toys,$7.99,https://images-na.ssl-images-amazon.com/images/I/41rulumRSTL.jpg|https://images-na.ssl-images-amazon.com/images/I/41Q3PJ9aoaL.jpg|https://images-na.ssl-images-amazon.com/images/I/41ZuCI2XiwL.jpg|https://images-na.ssl-images-amazon.com/images/I/4119Qg5nZTL.jpg|https://images-na.ssl-images-amazon.com/images/I/41NQCjWkogL.jpg|https://images-na.ssl-images-amazon.com/images/I/41p4XJCWaDL.jpg|https://images-na.ssl-images-amazon.com/images/I/41znMsplIUL.jpg|https://images-na.ssl-images-amazon.com/images/G/01/x-locale/common/transparent-pixel.jpg
2d835e536f3e4aed4005091fe3955ebb,"LAMO 5"" Vinyl Figure - Legacy Gamers Dr Disrespect, Red","Make sure this fits by entering your model number. | 5” stylized Dr DisRespect figure comes with a unique, one-time-use QR card that unlocks the character in the free LAMO: AR vinyl app. | LAMO is a fast paced, free-to-play, online multiplayer party game. | LAMO is a 3-part ecosystem: (1) a fun online party game, (2) a covetable collectible vinyl figure and (3) a mobile app that connects the two, bridging the digital and the physical. | Collect, display and play with all LAMO vinyl figures. | LAMO is made by gamers, for gamers, with gamers.",,$19.50,https://images-na.ssl-images-amazon.com/images/I/41gD5AyOeNL.jpg|https://images-na.ssl-images-amazon.com/images/I/41fEVG-LshL.jpg|https://images-na.ssl-images-amazon.com/images/I/51wUFtbIxmL.jpg|https://images-na.ssl-images-amazon.com/images/I/41LLxEznX6L.jpg|https://images-na.ssl-images-amazon.com/images/I/41imbD0WUOL.jpg|https://images-na.ssl-images-amazon.com/images/I/41kJk9KT0HL.jpg|https://images-na.ssl-images-amazon.com/images/I/519bnC2K86L.jpg|https://images-na.ssl-images-amazon.com/images/G/01/x-locale/common/transparent-pixel.jpg
82be0dec20a875155a066440ef111310,"Marvel Avengers Assemble Captain America Costume T-Shirt with Mask, Small","Make sure this fits by entering your model number. | 100% Cotton | Marvel Avengers Assemble Captain America Costume T-Shirt with Mask, Small | Printed shirt and molded half-mask | Officially licensed Marvel Universe merchandise inspired by the Disney XD cartoon Avengers Assemble","Clothing, Shoes & Jewelry | Novelty & More | Clothing | Novelty | Men | Shirts | T-Shirts",$10.36,https://images-na.ssl-images-amazon.com/images/I/41V2T9EMMJL.jpg|https://images-na.ssl-images-amazon.com/images/I/415SzB9YT3L.jpg|https://images-na.ssl-images-amazon.com/images/I/51I1fFrEGlL.jpg|https://images-na.ssl-images-amazon.com/images/I/41FRydmHcrL.jpg|https://images-na.ssl-images-amazon.com/images/G/01/x-locale/common/transparent-pixel.jpg
4cd74df98f6a204869dbc31ba3749d3c,"Vallejo Game Color Sunblast Yellow Paint, 17ml",This range contains all the frequently used colors in fantasy figures | 16 highly pigmented acrylic colors formulated to provide especially mat and opaque coatings | When applied over a basecoat they enter into the folds and grooves of the figure and instantly bring forth the features,Toys & Games | Hobbies | Hobby Building Tools & Hardware | Paints,$3.06,https://images-na.ssl-images-amazon.com/images/I/4184h6kKK7L.jpg|https://images-na.ssl-images-amazon.com/images/G/01/x-locale/common/transparent-pixel.jpg
74c5d3de523d24384aa913b71d29689b,"Mudpuppy Unicorn Magic Activity Coloring Roll, Age 4+, Creative Fun with Coloring, Mazes, Spot The Difference and More, Includes 5 Colored Pencils, Easy to Store Unicorn Paper Roll","Make sure this fits by entering your model number. | 6 FEET OF FUN: The innovatively designed Unicorn Magic Activity Roll is 6’ long x 7” wide for long-lasting fun! Kids will be surprised as they unroll each section to see a new activity. Do one at a time or pull out the entire roll for a fun group project. | CREATIVE PLAY: Kids ages 4 and up will love the unicorn-themed activities including coloring, mazes, spot the difference, and more! Each activity sheet is perforated to complete one at a time, take along with you or display proudly on the wall. | INCLUDES COLORED PENCILS: The fun roll of activities is ready to use as soon as you open the box! Five bright colored pencils in blue, pink, orange, purple, and yellow are included to create hours of unicorn artwork. | TAKE IT WITH YOU: Cleanup and storage could not be easier because the self-contained unicorn activity paper easily rolls back inside the 8” x 8” x 2” box after kids are done playing. Great size to take with you for artistic time away from home. | SCREEN-FREE FUN: For over 25 years, Mudpuppy has created quality non-digital puzzles, games, and toys for children and families that facilitate creative play and imaginative thinking. All Mudpuppy products adhere to CPSIA, ASTM, and CE Safety Regulations.",Toys & Games | Arts & Crafts,$6.99,https://images-na.ssl-images-amazon.com/images/I/41-DrZEjVaL.jpg|https://images-na.ssl-images-amazon.com/images/I/31D7KElW8PL.jpg|https://images-na.ssl-images-amazon.com/images/I/51KszLLINML.jpg|https://images-na.ssl-images-amazon.com/images/I/41mFtTGzT2L.jpg|https://images-na.ssl-images-amazon.com/images/G/01/x-locale/common/transparent-pixel.jpg
43a663416f7a8325321942235dfa6ef7,Top Trumps Liverpool FC 18/19 Card Game,Make sure this fits by entering your model number. | number of players: 6,Toys & Games | Games & Accessories | Card Games,$6.11,https://images-na.ssl-images-amazon.com/images/I/41M2zyAIx0L.jpg|https://images-na.ssl-images-amazon.com/images/I/51oA5m2mYgL.jpg|https://images-na.ssl-images-amazon.com/images/I/51L4qCx2--L.jpg|https://images-na.ssl-images-amazon.com/images/I/51d4nj4AdrL.jpg|https://images-na.ssl-images-amazon.com/images/I/51s6kFHLC%2BL.jpg|https://images-na.ssl-images-amazon.com/images/G/01/x-locale/common/transparent-pixel.jpg
f1a2c4a6317e54e9c76377c79eb35201,Hot Wheels Track Builder Straight Track with Car AND Hot Wheels Race Case Track Set,"Make sure this fits by entering your model number. | Cool combination of Hot Wheels track and one car for big customizing fun | Includes 18 track connectors: an assortment of 9-inch track, 12-inch track, and track connectors | Race and rank your favorite Hot Wheels vehicles | Dual launcher for side-by-side racing showdowns",Toys & Games | Dress Up & Pretend Play | Pretend Play | Kitchen Toys,$19.98,https://images-na.ssl-images-amazon.com/images/I/41XFzOI48fL.jpg|https://images-na.ssl-images-amazon.com/images/G/01/x-locale/common/transparent-pixel.jpg
c4c4257e9c0a5257ed3affae5c568aae,"Wild Republic Mermaid Toy, Slap Bracelet, Gifts for Kids, Purple, Huggers 12""","Make sure this fits by entering your model number. | Let your child be a part of the magical world of Mermaids, with this adorable slap bracelet. | It is a wearable slap bracelet and companion All in one, huggers are the gift that hugs you back. | Huggers are enjoyed by all ages, making perfect toys for kids, and even fun gifts for teens who enjoy clipping the snap bracelet on various items. | Approximate size of this mermaid accessory is 12"" When spread out and is made of a high quality material which contributes to the comfy feel. | Mermaids never go out of style and neither will you!",,$7.99,https://images-na.ssl-images-amazon.com/images/I/41GhLOkqL4L.jpg|https://images-na.ssl-images-amazon.com/images/I/41OWF6sLpNL.jpg|https://images-na.ssl-images-amazon.com/images/I/410q0qrFbAL.jpg|https://images-na.ssl-images-amazon.com/images/I/51dgM2gVWxL.jpg|https://images-na.ssl-images-amazon.com/images/G/01/x-locale/common/transparent-pixel.jpg
52c1091bb950f7466507179ac0bcbb86,"LeapFrog LeapStart Preschool 4-in-1 Activity Book Bundle with ABC, Shapes & Colors, Math, Animals","Make sure this fits by entering your model number. | Includes alphabet adventures with music, Scout & friends math with problem solving, shapes & colors with creativity, and the world of baby animals life science and memory skills perfect for ages 2-4 | Alphabet adventures: teaches 14 alphabet and music skills including uppercase and lowercase letters, letter sounds, exploring music and rhythms also includes a spinning dial that teaches vowel sounds | Scout & friends math: teaches 12 preschool math and problem solving skills, such as matching quantities to numbers, counting to 10, comparing sets of objects | Shapes & colors: teaches 14 shapes, colors and creativity skills, matching shapes, identifying and extending patterns, creating rhythms and more | The world of baby animals: teaches world animals, life science and memory skills such as exploring different animal traits and habitats, practicing with science-related vocabulary, recalling object locations and more",Toys & Games | Kids' Electronics | Electronic Learning Toys,$38.33,https://images-na.ssl-images-amazon.com/images/I/615u%2Bwxoh6L.jpg|https://images-na.ssl-images-amazon.com/images/I/51i3Ftoj6ML.jpg|https://images-na.ssl-images-amazon.com/images/I/51WpNtxqWNL.jpg|https://images-na.ssl-images-amazon.com/images/I/51eX7YHwuLL.jpg|https://images-na.ssl-images-amazon.com/images/I/51qVRynt3xL.jpg|https://images-na.ssl-images-amazon.com/images/I/51UkFL66JoL.jpg|https://images-na.ssl-images-amazon.com/images/I/514u3QCLTrL.jpg|https://images-na.ssl-images-amazon.com/images/G/01/x-locale/common/transparent-pixel.jpg
cb7fc27339298ae31485ce70a774f6cb,Sherlock Holmes - The Challenge of Irene Adler,"Make sure this fits by entering your model number. | In Sherlock Holmes: the challenge of Irene Adler, there is a new detective in town! | Irene is now competing with the Baker street boys for business. But will she truly be able to rival the skills of Sherlock? | Play solo, or head to head against another player Each taking on the role of either Sherlock Holmes or Irene Adler. | Only by using your Wits will you prove yourself to be London's greatest detective! | Will you best your opponent in this battle of wits? Or will your opponent come out on top?",Toys & Games | Games & Accessories,$16.43,https://images-na.ssl-images-amazon.com/images/I/41%2BC4DiNNKL.jpg|https://images-na.ssl-images-amazon.com/images/G/01/x-locale/common/transparent-pixel.jpg
5483f67f50a97a8dd7f404f80eab75e1,Great Eastern Entertainment Boys Attack On Titan - Levi Wallet,Make sure this fits by entering your model number. | Fully Licensed | Quality Materials | Perfect Gift for Anime Lovers,"Clothing, Shoes & Jewelry | Men | Accessories | Wallets, Card Cases & Money Organizers | Wallets",$24.53,https://images-na.ssl-images-amazon.com/images/I/51zGt6JwRKL.jpg|https://images-na.ssl-images-amazon.com/images/G/01/x-locale/common/transparent-pixel.jpg
ce9fd24e5a2b750d26c861da26ca283c,Domez My Hero Academia 4-Piece Bundle,"Make sure this fits by entering your model number. | 3.1” Domez feature character-authentic details and dynamic styling that collectors crave. | Each mystery 4-Pack includes 4 collectible characters, Each enclosed in their own stackable & connectable display case. | Nine styles available, including all might, izuku midoriya (deku), Katsuki Baku go, ochaco uraraka, Tenya iida, Shoto todoroki, tsuyu asui, shot a aizwa (eraser head) and a mystery Chase variant! | Suitable for ages 8 and up.",Toys & Games | Toy Figures & Playsets | Action Figures,$19.99,https://images-na.ssl-images-amazon.com/images/I/415Z5w-asgL.jpg|https://images-na.ssl-images-amazon.com/images/I/41aLMT9AvLL.jpg|https://images-na.ssl-images-amazon.com/images/I/31bgZ3YpQdL.jpg|https://images-na.ssl-images-amazon.com/images/I/31aWAznSuHL.jpg|https://images-na.ssl-images-amazon.com/images/I/31GJWayEoGL.jpg|https://images-na.ssl-images-amazon.com/images/I/41C8qkAJRuL.jpg|https://images-na.ssl-images-amazon.com/images/I/31RWZGioiVL.jpg|https://images-na.ssl-images-amazon.com/images/G/01/x-locale/common/transparent-pixel.jpg
ee4f7424fcbf4e3767bd0018e4c3e1d3,"Paw Patrol, Mighty Pups Charged Up Chase’s Deluxe Vehicle with Lights and Sounds","Make sure this fits by entering your model number. | VEHICLE WITH LIGHTS AND SOUNDS: Chase’s cruiser features lights and sounds and caster wheels that make it possible to drive in any direction! Push the button to activate the lights and sounds! | HOVERCRAFT MODE: With working caster wheels, it’s easier than ever to roll your Charged Up Deluxe Vehicle to the rescue. Spin and drift 360 degrees in any direction and help save the day! | INCLUDES CHASE FIGURE: Wearing his blue Charged Up uniform, place the included Chase collectible figure behind the wheel of his deluxe cruiser. This pup hero is ready for anything that comes his way! | The PAW Patrol Charged Up Chase Deluxe Vehicle makes a great gift for kids aged 3 and up. Requires 3 LR44 batteries (included). Get charged up with PAW Patrol and their Deluxe Vehicles! | Includes: 1 Chase Figure, 1 Charged Up Deluxe Chase Vehicle",Toys & Games | Baby & Toddler Toys,$14.99,https://images-na.ssl-images-amazon.com/images/I/41mzdeHA09L.jpg|https://images-na.ssl-images-amazon.com/images/I/514JQcGWPNL.jpg|https://images-na.ssl-images-amazon.com/images/I/41FE0zMn4VL.jpg|https://images-na.ssl-images-amazon.com/images/I/41zlXuYjOOL.jpg|https://images-na.ssl-images-amazon.com/images/I/51YJpBh2EnL.jpg|https://images-na.ssl-images-amazon.com/images/I/51VcG4Z1o-L.jpg|https://images-na.ssl-images-amazon.com/images/I/814RgjdsVbL.jpg|https://images-na.ssl-images-amazon.com/images/G/01/x-locale/common/transparent-pixel.jpg
a837eca35fd596cd19b7c5601a1342bc,Alex Discover Button Art Activity Set Kids Art and Craft Activity,"Make sure this fits by entering your model number. | Match and snap to complete the picture | Develops hand eye coordination, fine motor skills and creative thinking | Convenient storage tray holds all pieces | Includes 46 colorful buttons, 10 different pictures and a 2 Piece storage tray | Recommended for children 18 months of age and older",Toys & Games | Baby & Toddler Toys | Sorting & Stacking Toys,$11.42,https://images-na.ssl-images-amazon.com/images/I/51n0cTKvgWL.jpg|https://images-na.ssl-images-amazon.com/images/I/51aAoqC2NGL.jpg|https://images-na.ssl-images-amazon.com/images/I/512Ri%2BS3PLL.jpg|https://images-na.ssl-images-amazon.com/images/I/51tPCCW981L.jpg|https://images-na.ssl-images-amazon.com/images/I/61TZcV9P0ZL.jpg|https://images-na.ssl-images-amazon.com/images/G/01/x-locale/common/transparent-pixel.jpg
b4358a38037a7e7fbcd7fe16970e7bff,DC Collectibles DCTV: Black Lightning Resin Statue,"Make sure this fits by entering your model number. | From the upcoming DCTV series on The CW | Limited Edition of 5,000 | Measures approximately 12.42"" tall | Sculpted by Alterton","Toys & Games | Collectible Toys | Statues, Bobbleheads & Busts | Statues",$17.75,https://images-na.ssl-images-amazon.com/images/I/41vJ5amvKeL.jpg|https://images-na.ssl-images-amazon.com/images/I/31tr4qwqZmL.jpg|https://images-na.ssl-images-amazon.com/images/I/31-%2BMGqJASL.jpg|https://images-na.ssl-images-amazon.com/images/I/31sgD4%2B0HlL.jpg|https://images-na.ssl-images-amazon.com/images/I/51HbaURPW8L.jpg|https://images-na.ssl-images-amazon.com/images/G/01/x-locale/common/transparent-pixel.jpg
83e5bb2c78aa73a08f2363e66fcd9e1b,Rubie's Adult 2-Tone Costume Wig,100% Polyester | Imported | Hand Wash | Costume wig crafted of synthetic fibers | Super curly pink and blue hairpiece | One size fits most adults and older teens | For best results spritz and style wig before wearing | Rubie's costume company has been bringing costumes and accessories to the world since 1950,"Clothing, Shoes & Jewelry | Costumes & Accessories | Women | Wigs",$14.73,https://images-na.ssl-images-amazon.com/images/I/41Kn5kgGcDL.jpg|https://images-na.ssl-images-amazon.com/images/G/01/x-locale/common/transparent-pixel.jpg
ca1066833c4acdb86c6f8d1e151d651e,Funko Pop! Rides: Mulan - Mulan On Khan,"Make sure this fits by entering your model number. | From Mulan, Mulan on Khan, as a stylized POP Rides from Funko! | Stylized collectable stands 5 inches tall, perfect for any Mulan fan! | Collect and display all Mulan pop! Vinyl's!",Toys & Games | Toy Figures & Playsets | Action Figures,$28.74,https://images-na.ssl-images-amazon.com/images/I/41UEjHYEc9L.jpg|https://images-na.ssl-images-amazon.com/images/G/01/x-locale/common/transparent-pixel.jpg
88f6235d5f16bcaf83a9fd886bfdd565,Flaghouse Chrome Bowling Ball Ramp,Make sure this fits by entering your model number. | Perfect for students in wheel chairs | Lightweight and easy to move around | Rubber feet on legs keeps the ramp in place when a student is using it,,$114.57,https://images-na.ssl-images-amazon.com/images/I/51en-fIzrZL.jpg|https://images-na.ssl-images-amazon.com/images/I/51%2BDKfCi%2B8L.jpg|https://images-na.ssl-images-amazon.com/images/I/41lJ5ulb1YL.jpg|https://images-na.ssl-images-amazon.com/images/G/01/x-locale/common/transparent-pixel.jpg
37ec1604ef5bdfaaafd75a1bbaf5ec91,"Trends International DC Comics Movie-Batman v Superman Wall Poster, 14.725"" x 22.375"", Premium Unframed",Make sure this fits by entering your model number. | Prints within 24 Hours for immediate shipping | Printed on Premium 210 GSM Photo Art Gloss Paper | Officially Licensed Poster | FSC Certified Paper | Ready to Frame,Toys & Games | Toy Figures & Playsets | Action Figures,$17.49,https://images-na.ssl-images-amazon.com/images/I/41k0qqZyyeL.jpg|https://images-na.ssl-images-amazon.com/images/I/51CJs1F%2BDtL.jpg|https://images-na.ssl-images-amazon.com/images/I/517N3XyHxDL.jpg|https://images-na.ssl-images-amazon.com/images/G/01/x-locale/common/transparent-pixel.jpg
a7a21a6b83ba70d2910c44d73b6b7725,"Aurora World Sweet and Softer Perky Penguin 9.5"" Plush","Make sure this fits by entering your model number. | 9.5"" overall height, standing position | Silky soft two-tone plush that is sweet to the touch | Made with high quality materials and lock washer eyes for safety | country of origin:China and Indonesia",Toys & Games | Stuffed Animals & Plush Toys | Stuffed Animals & Teddy Bears,$12.29,https://images-na.ssl-images-amazon.com/images/I/51zEr1BhvpL.jpg|https://images-na.ssl-images-amazon.com/images/I/51-uVCBgWbL.jpg|https://images-na.ssl-images-amazon.com/images/G/01/x-locale/common/transparent-pixel.jpg
18bf3174cb5fcba9e72702c927019cb3,Baby Alive Luv 'n Snuggle Baby Doll Blond,"Make sure this fits by entering your model number. | Have the fun of real babies with the Luv 'n Snuggle Baby doll | Doll's thumb goes in her mouth, just like a real baby | Ages over 18 months and up | Includes doll and bottle",Toys & Games | Dolls & Accessories | Dolls,$9.27,https://images-na.ssl-images-amazon.com/images/I/41wqBSDd2AL.jpg|https://images-na.ssl-images-amazon.com/images/I/51iRTfdtvuL.jpg|https://images-na.ssl-images-amazon.com/images/G/01/x-locale/common/transparent-pixel.jpg
27006457c5a1578ed9d45ff737055656,Mega Construx Welliewishers Playful Playhouse Buildable Playset,"Make sure this fits by entering your model number. | Easy-to-build Playhouse with interior rooms, and doors and windows that open | Easy-to-build garden tree with birdhouse, fence, birdfeeder, and two robins | Easy-to-build art station with paint easel, tree stump seat, and paint accessories | Two buildable, highly detailed, poseable mini figures, Willa and Kendall, each in their signature outfit and wellies | Accessories include buildable wagon that rolls, two kites, gardening tools, bush, and flowers",Toys & Games | Dolls & Accessories | Playsets,$22.99,https://images-na.ssl-images-amazon.com/images/I/51mrb%2BpfB-L.jpg|https://images-na.ssl-images-amazon.com/images/I/61ZfWZ6oIQL.jpg|https://images-na.ssl-images-amazon.com/images/I/51WW52wv53L.jpg|https://images-na.ssl-images-amazon.com/images/I/413YJqQonNL.jpg|https://images-na.ssl-images-amazon.com/images/I/416g6iO8arL.jpg|https://images-na.ssl-images-amazon.com/images/I/518Fl2hradL.jpg|https://images-na.ssl-images-amazon.com/images/I/51csCM4XWAL.jpg|https://images-na.ssl-images-amazon.com/images/G/01/x-locale/common/transparent-pixel.jpg
b2c24314887c92d7464a191f3c54de52,Aurora World Miyoni Poodle Pup Plush,"Make sure this fits by entering your model number. | Measures 9"" long | Authentic Miyoni plush animals have realistic styling, made with superior materials and impeccable attention to detail | Silky plush and soft huggable bodies",Toys & Games | Stuffed Animals & Plush Toys | Stuffed Animals & Teddy Bears,$14.41,https://images-na.ssl-images-amazon.com/images/I/51y8vchBQeL.jpg|https://images-na.ssl-images-amazon.com/images/I/51a4ssVGjYL.jpg|https://images-na.ssl-images-amazon.com/images/I/51T6EpUCMGL.jpg|https://images-na.ssl-images-amazon.com/images/G/01/x-locale/common/transparent-pixel.jpg
7b3118bcb208e06362ff2eb42d5b9b3c,"Squish-Dee-Lish Squishy Jumbo Toy, Squishies - Slow Rising Pup-Corn, Soft Kids Squishy Toys 86715","Make sure this fits by entering your model number. | Jumbo size squishy toys for more squishing fun! | Super slow-rise foam | Perfect for hours of squeezing fun | Approximately 7,"" comes in gusseted bag. | This is a toy. Not real food. Warning: Choking Hazard - Small parts. Not for children under 3 years. For ages 6+",Toys & Games | Novelty & Gag Toys | Miniatures,$4.30,https://images-na.ssl-images-amazon.com/images/I/512PubE6lhL.jpg|https://images-na.ssl-images-amazon.com/images/I/419IG%2BcmiYL.jpg|https://images-na.ssl-images-amazon.com/images/I/41kHMM8ISDL.jpg|https://images-na.ssl-images-amazon.com/images/I/41tMm7BJsKL.jpg|https://images-na.ssl-images-amazon.com/images/I/51nabBFEyvL.jpg|https://images-na.ssl-images-amazon.com/images/I/412Kma8g%2BTL.jpg|https://images-na.ssl-images-amazon.com/images/G/01/x-locale/common/transparent-pixel.jpg
1195f9df08a6df42fdd8b1892c335889,"Mon AMI Pink Piglet Ballerina Designer Plush Doll, Exquisite Craftmanship, Premium Quality, Cuddling, Collecting & Playing Toy, Baby or Toddler Gift 18"", Multicolor",Make sure this fits by entering your model number. | 18x5x4 inches | Recommended for ages 3 and up | Spot clean only | High quality and exquisite craftsmanship | Great gift for any child,Toys & Games | Stuffed Animals & Plush Toys | Plush Puppets,$34.49,https://images-na.ssl-images-amazon.com/images/I/31nLwzUv6QL.jpg|https://images-na.ssl-images-amazon.com/images/I/31UrGE4ZiNL.jpg|https://images-na.ssl-images-amazon.com/images/I/41RyDovAorL.jpg|https://images-na.ssl-images-amazon.com/images/I/41AT3daa4hL.jpg|https://images-na.ssl-images-amazon.com/images/I/51yVNTa4hCL.jpg|https://images-na.ssl-images-amazon.com/images/I/51pNuDh%2BQwL.jpg|https://images-na.ssl-images-amazon.com/images/I/41UU3Qk2HpL.jpg|https://images-na.ssl-images-amazon.com/images/G/01/x-locale/common/transparent-pixel.jpg
79b669f8f4defe34698c5248706cedab,Proline 1013214 Hyrax 2G8 Rock Terrain Truck Tires (2),Highly detailed sidewall for scale looks | Stepped blocks & multiple sipes create unmatched grip | Tackle tough terrain in scale style | Made in the legendary G8 material | Made in the USA,Toys & Games | Hobbies | Remote & App Controlled Vehicles & Parts | Remote & App Controlled Vehicle Parts | Wheels & Tires | Tires,$30.36,https://images-na.ssl-images-amazon.com/images/I/51oTEDD0VBL.jpg|https://images-na.ssl-images-amazon.com/images/G/01/x-locale/common/transparent-pixel.jpg
7254b59eae7dbde82de2eb3a5b9c8c39,RoomMates Curious George Peel and Stick Giant Wall Decal - RMK1082GM,"Make sure this fits by entering your model number. | Assembled size 19"" wide by 41"" tall | Easy to apply--just peel and stick | Applies to any smooth surface | Removable and repositionable with no sticky residue",Home & Kitchen | Home Décor | Kids' Room Décor | Wall Décor,$11.00,https://images-na.ssl-images-amazon.com/images/I/41OnKAe7b6L.jpg|https://images-na.ssl-images-amazon.com/images/I/51MTiL3ZZ4L.jpg|https://images-na.ssl-images-amazon.com/images/I/51TNVLp9sKL.jpg|https://images-na.ssl-images-amazon.com/images/I/51P2nsRmNTL.jpg|https://images-na.ssl-images-amazon.com/images/G/01/x-locale/common/transparent-pixel.jpg
7d223d7689e145d8d69392167b122a13,NECA - Teenage Mutant Ninja Turtles (1990 Movie) Prop Replica,Make sure this fits by entering your model number. | Based on the 1990 film Teenage Mutant Ninja Turtles | Full-size mutagen canister replica measures about 13 inches long | Press button for glowing green light through cracks | Uses three AAA batteries which are included,,$46.99,https://images-na.ssl-images-amazon.com/images/I/41V7k5az2ZL.jpg|https://images-na.ssl-images-amazon.com/images/I/312Vj%2BKsznL.jpg|https://images-na.ssl-images-amazon.com/images/I/31nmLhO2q4L.jpg|https://images-na.ssl-images-amazon.com/images/I/41apYsDuf3L.jpg|https://images-na.ssl-images-amazon.com/images/I/41AlHAnoJxL.jpg|https://images-na.ssl-images-amazon.com/images/I/51Lp%2BXLRWGL.jpg|https://images-na.ssl-images-amazon.com/images/G/01/x-locale/common/transparent-pixel.jpg
90fcab7631cbee136410014eea26a61d,Hansa Ostrich Baby Plush,"Make sure this fits by entering your model number. | True to life realism | Animals that teach tagging | Individually hand crafted | Custom designed, heirloom quality fabrics and accessories",Toys & Games | Stuffed Animals & Plush Toys | Plush Figures,$14.98,https://images-na.ssl-images-amazon.com/images/I/31NKO4A-ztL.jpg|https://images-na.ssl-images-amazon.com/images/I/31h-qR%2Bcu4L.jpg|https://images-na.ssl-images-amazon.com/images/I/31eAtFUubaL.jpg|https://images-na.ssl-images-amazon.com/images/I/41aiVyJxbbL.jpg|https://images-na.ssl-images-amazon.com/images/I/51Oe4JtkH9L.jpg|https://images-na.ssl-images-amazon.com/images/I/31%2Brmex-QdL.jpg|https://images-na.ssl-images-amazon.com/images/I/41QDtAWj2JL.jpg|https://images-na.ssl-images-amazon.com/images/G/01/x-locale/common/transparent-pixel.jpg
9485955016fda60d55229c43dc13bb94,RPM 73162 Axle Carriers Black 1/16 Traxxas Black,"For use on 1/16 Traxxas vehicles | Tech Notes: The small screws included with these Axle Carriers require the use of either a .050"" or 1.25mm hex wrench (not included). | Serious strength and rigidity while the chemical make up of our proprietary blend of nylons provides unmatched durability | Backed by RPM's world-renowned breakage warranty | RPM is a proud American manufacturer designing and manufacturing 100% of our molded products right here in the USA!",Toys & Games | Hobbies | Remote & App Controlled Vehicles & Parts | Remote & App Controlled Vehicle Parts | Power Plant & Driveline Systems | Axles,$12.99,https://images-na.ssl-images-amazon.com/images/I/51s23bkOlIL.jpg|https://images-na.ssl-images-amazon.com/images/G/01/x-locale/common/transparent-pixel.jpg
1f25e0968f5ab9451c985211bdfe4e27,Mikasa VSO2000 FIVB Replica Volleyball,"Make sure this fits by entering your model number. | Official size outdoor recreational volleyball | Replical of Mikasa's FIVB World Tour and Athens Olympic beach ball | Three color panel design (blue/yellow/white) helps identify ball movement | Butyl bladder guarantees true shape and air retention | 1-year warranty | For optimal performance, additional inflation may be required. Ball pump not included.",Sports & Outdoors | Sports & Fitness | Team Sports | Volleyball | Volleyballs | Outdoor Volleyballs,$18.93,https://images-na.ssl-images-amazon.com/images/I/415B6M9Y59L.jpg|https://images-na.ssl-images-amazon.com/images/I/41e3OYW39rL.jpg|https://images-na.ssl-images-amazon.com/images/G/01/x-locale/common/transparent-pixel.jpg
954fb803841ce010626740c8a776e981,The Corps Special Forces Action Figures & Vehicle Deluxe Playset (Packaging & Colors May Vary),"Make sure this fits by entering your model number. | Set includes 10 figures, assorted weapons, three vehicles; ages 3 and up | Highly detailed realistic figures are fully poseable with 15 points of articulation | Wearable and holdable weapons",Toys & Games | Toy Figures & Playsets | Playsets & Vehicles | Playsets,$29.99,https://images-na.ssl-images-amazon.com/images/I/519dePp3lQL.jpg|https://images-na.ssl-images-amazon.com/images/I/51Qv-JoRzSL.jpg|https://images-na.ssl-images-amazon.com/images/I/61NXCSUIFrL.jpg|https://images-na.ssl-images-amazon.com/images/G/01/x-locale/common/transparent-pixel.jpg
2b47bdb56e45a2bcd883dda0ac5c396e,Creativity for Kids Clay Keychains,"Make sure this fits by entering your model number. | Big fun in a small box | Quick and clever craft perfect for parties, play and rainy days | Just for the fun of it | Bendable air-dry clay | Safe and non-toxic",Toys & Games | Arts & Crafts | Clay & Dough,$6.99,https://images-na.ssl-images-amazon.com/images/I/51RrTt0o6SL.jpg|https://images-na.ssl-images-amazon.com/images/I/41WRCMI8FBL.jpg|https://images-na.ssl-images-amazon.com/images/I/419iruxMhCL.jpg|https://images-na.ssl-images-amazon.com/images/I/51HYsK78JRL.jpg|https://images-na.ssl-images-amazon.com/images/G/01/x-locale/common/transparent-pixel.jpg
43cf83baf4862cb9f887c7dd08650162,Herbaceous,Make sure this fits by entering your model number. | For 1-4 Players. Ages 8+ | 20 minute playing time | Simple to teach and learn; start in a few minutes and play in twenty | The theme and art pull in non-gamers and the push-your-luck/set collection hooks them | Great casual filler for a memorable game night,Toys & Games | Games & Accessories | Board Games,$14.01,https://images-na.ssl-images-amazon.com/images/I/51M49044zzL.jpg|https://images-na.ssl-images-amazon.com/images/I/51568bBOGxL.jpg|https://images-na.ssl-images-amazon.com/images/I/51SAFc06%2BRL.jpg|https://images-na.ssl-images-amazon.com/images/I/51KT9JdCjDL.jpg|https://images-na.ssl-images-amazon.com/images/I/51aPMyoK9yL.jpg|https://images-na.ssl-images-amazon.com/images/I/51IIitteWZL.jpg|https://images-na.ssl-images-amazon.com/images/I/614AF0pf%2BiL.jpg|https://images-na.ssl-images-amazon.com/images/G/01/x-locale/common/transparent-pixel.jpg
4c63c213190352c4ca32ee3f19a9f80b,"Wild Republic Snake Plush, Snake Stuffed Animal, Plush Toy, Pet Snake, Sherbert, 54""","Make sure this fits by entering your model number. | This dazzling and luring Sherbert Snake stuffed animal is ready to play. | The approximate size of this large teddy bear is 54"", allowing you to use the plushier as an animal pillow. | Big plush toy makes an Excellent kids toy or a friend for any supporter of Zoo animals. | These big plush toys are created with high-quality materials and are surface washable in case you spill on its’ Sherbert scales. | Now is your chance to slither around with this extra-large stuffed animal.",Toys & Games | Stuffed Animals & Plush Toys | Plush Figures,$12.99,https://images-na.ssl-images-amazon.com/images/I/41tEXXkrD8L.jpg|https://images-na.ssl-images-amazon.com/images/I/31X3uNesRpL.jpg|https://images-na.ssl-images-amazon.com/images/I/51t1Sv5JkcL.jpg|https://images-na.ssl-images-amazon.com/images/G/01/x-locale/common/transparent-pixel.jpg
aa5d0f143bd2e72e59977889279f2cf9,"NPW-USA NPW67309 Drinking Buddies Dice Game, 6-Piece Set","Make sure this fits by entering your model number. | Drinking game includes 4 irresistible drink markers and a set of dice that reveals who is doing what | You and 3 friends can battle it out and gamble away for drinks, laughs and maybe loss of dignity | If your buddy’s Name is revealed, then you’re up to perform the action given on the other dice | Take your pick of an ultimate babe on your arm or the hottest hunk by your side and let the dream teams form | Entertain friends with hilarious NPW gifts and gadgets that will crack them up",Toys & Games | Games & Accessories | Game Accessories | Standard Game Dice,$10.99,https://images-na.ssl-images-amazon.com/images/I/51wngrqyhbL.jpg|https://images-na.ssl-images-amazon.com/images/I/51-33joIIaL.jpg|https://images-na.ssl-images-amazon.com/images/I/31nX9qrc86L.jpg|https://images-na.ssl-images-amazon.com/images/I/31LfbAdvjfL.jpg|https://images-na.ssl-images-amazon.com/images/I/51VixZglvVL.jpg|https://images-na.ssl-images-amazon.com/images/I/51KSbxIFbaL.jpg|https://images-na.ssl-images-amazon.com/images/G/01/x-locale/common/transparent-pixel.jpg
655d6a86d569a686be549cd34ebc3d9e,Blade 130 S BNF Basic With Safe,"Make sure this fits by entering your model number. | SAFE Technology: 3 flight modes, Self-leveling and Panic switch help you fly confidently | Durable: Molded, lightweight plastics allow the 130 S to be very durable in the event of a crash | Collective Pitch and SAFE Technology allows an intermediate pilot to grow with the model when they're ready for aerobatics and 3D flying | Direct drive tail motor—powerful brushless motor improves durability, flight performance, and simplifies repairs | Part Number: BLH9350",Toys & Games | Kids' Electronics,$186.06,https://images-na.ssl-images-amazon.com/images/I/41KDH6NlwiL.jpg|https://images-na.ssl-images-amazon.com/images/I/41mwEsXd7lL.jpg|https://images-na.ssl-images-amazon.com/images/I/41n6e8SvasL.jpg|https://images-na.ssl-images-amazon.com/images/I/3199yR3ED2L.jpg|https://images-na.ssl-images-amazon.com/images/I/51oBdNI25QL.jpg|https://images-na.ssl-images-amazon.com/images/I/51hW0fqToML.jpg|https://images-na.ssl-images-amazon.com/images/I/51iJHMMv-kL.jpg|https://images-na.ssl-images-amazon.com/images/G/01/x-locale/common/transparent-pixel.jpg
39581e8e51beb8d3a0dd056baba4ff53,"Madame Alexander 8"" ICY Elegance Light Skin Tone Blue Eyes/Blonde Hair","Make sure this fits by entering your model number. | This lovely 8” collectible doll celebrates the snowy season with sparkle! | She wears an iridescent netting gown with snowflake lace bodice. Accessories include a delicate Tulle headpiece, white tights, and white Mary Jane shoes. Beautifully styled curly blonde hair. | Classic Wendy collectible doll sculpt from Madame Alexander. Articulated, posable body | Beautifully styled curly blonde hair. | Packed in the classic blue Madame Alexander box with pink tissue paper | This doll is offered in light Skin tone with blue eyes and blonde hair",Toys & Games | Dolls & Accessories | Dolls,$129.95,https://images-na.ssl-images-amazon.com/images/I/41iFxRylV2L.jpg|https://images-na.ssl-images-amazon.com/images/I/41LCkFSzuZL.jpg|https://images-na.ssl-images-amazon.com/images/I/31jvnPhLguL.jpg|https://images-na.ssl-images-amazon.com/images/I/310qHMwF0aL.jpg|https://images-na.ssl-images-amazon.com/images/I/31cV2gu8hJL.jpg|https://images-na.ssl-images-amazon.com/images/I/31v6rGk5mTL.jpg|https://images-na.ssl-images-amazon.com/images/G/01/x-locale/common/transparent-pixel.jpg
67fb67f9191d3971c94200a3a3b9baf9,NCAA Georgia Bulldogs Toy Puzzle Cube,Make sure this fits by entering your model number. | Great for Every Fan! | Team Logo and Colors | Officially Licensed NCAA Product | Show Your Team Pride,Sports & Outdoors | Fan Shop | Toys & Game Room | Games,$10.49,https://images-na.ssl-images-amazon.com/images/I/51Em1w%2BqQML.jpg|https://images-na.ssl-images-amazon.com/images/G/01/x-locale/common/transparent-pixel.jpg
473f3b4baadf9bb5d4748f2f27887e00,COBI Historical Collection M3 Grant Tank,Make sure this fits by entering your model number. | 555 high quality blocks | 1 figure of a soldier with accessories | A special playing card with vehicle statistics | Easy-to-follow and intuitive instruction manual based on pictures and icons | Compatible with other leading brands of construction blocks,,$39.90,https://images-na.ssl-images-amazon.com/images/I/61VclODV0pL.jpg|https://images-na.ssl-images-amazon.com/images/I/61Oq30Zv8qL.jpg|https://images-na.ssl-images-amazon.com/images/I/41WdZhMStCL.jpg|https://images-na.ssl-images-amazon.com/images/I/51zU3UtH0AL.jpg|https://images-na.ssl-images-amazon.com/images/I/51-uehdBqZL.jpg|https://images-na.ssl-images-amazon.com/images/I/51bsFknsG9L.jpg|https://images-na.ssl-images-amazon.com/images/I/51LMCwdoQDL.jpg|https://images-na.ssl-images-amazon.com/images/G/01/x-locale/common/transparent-pixel.jpg
eae3be3cc19d4e642c2578cba1703d04,"Learning Resources Serve It Up! Play Restaurant, Pretend Restaurant Set, 35 Pieces, Ages 3+","Make sure this fits by entering your model number. | Re-create the restaurant experience at home with this imaginative role playing collection | Includes play food versions of breakfast and dinner favorites including a pancake, fried egg, and T-bone steak | Pretend menu, play money, and order pad helps kids learn lessons in restaurant etiquette, counting, and social skills | Write-and-wipe materials combine customizability with easy cleanup | Great for any toddler ages 3+",Toys & Games | Dress Up & Pretend Play | Pretend Play | Kitchen Toys | Play Food,$23.74,https://images-na.ssl-images-amazon.com/images/I/610OglBtxfL.jpg|https://images-na.ssl-images-amazon.com/images/I/51x0ZXglmtL.jpg|https://images-na.ssl-images-amazon.com/images/I/61cJC-f3oXL.jpg|https://images-na.ssl-images-amazon.com/images/I/61D2wC-L0VL.jpg|https://images-na.ssl-images-amazon.com/images/I/61Q-x1fQZ3L.jpg|https://images-na.ssl-images-amazon.com/images/I/61JsTPyQjjL.jpg|https://images-na.ssl-images-amazon.com/images/G/01/x-locale/common/transparent-pixel.jpg
dbf821fa0abe44f1d29203623d5ee012,"Amscan 120175 Banner, 8' x 6 1/2"", Multi Color","Make sure this fits by entering your model number. | Measures 8' x 6.5"" | Sturdy cardboard paper | Giant glittery letters with hues of the rainbow spelling ""Happy Birthday"", purple star accent | Match with our other rainbow party items | From the brand: Amscan",Toys & Games | Party Supplies | Banners,$5.58,https://images-na.ssl-images-amazon.com/images/I/31EdFg9LyiL.jpg|https://images-na.ssl-images-amazon.com/images/G/01/x-locale/common/transparent-pixel.jpg
30ea772fc1d42248ea26c4c5ad0311a5,"Melissa & Doug K’s Kids Whose Tail? 8-Page Soft Activity Book, The Original (Great Gift for Girls and Boys - Best for Babies and Toddlers, All Ages)","Make sure this fits by entering your model number. | K's kids cloth activity book with multi-textured animal tails that rattle, crinkle, and stretch | Includes 9 animal tails that peek out of the round, 8-page cloth book to match to the animals inside | Durable and machine washable | Helps promote sensory development, grasping skills, color recognition | Great gift for babies, ages birth to 2 years old, for hands-on, screen-free play",Toys & Games | Baby & Toddler Toys,$12.99,https://images-na.ssl-images-amazon.com/images/I/41RFXdy8KiL.jpg|https://images-na.ssl-images-amazon.com/images/I/41hmX0j5mLL.jpg|https://images-na.ssl-images-amazon.com/images/I/41ZFuiK84bL.jpg|https://images-na.ssl-images-amazon.com/images/I/512oXme0H-L.jpg|https://images-na.ssl-images-amazon.com/images/I/41%2BTLEkQlfL.jpg|https://images-na.ssl-images-amazon.com/images/I/519VyuXOt7L.jpg|https://images-na.ssl-images-amazon.com/images/I/41CJ4vxWsUL.jpg|https://images-na.ssl-images-amazon.com/images/G/01/x-locale/common/transparent-pixel.jpg
8406b5a5a8f4b30bd4a9fcc89cca983f,"Bachmann Old-Time Box Car - Pennsylvania LINES - N Scale, Prototypical Oxide Red",Premium rolling stock for your N scale layout | Nmra profile metal wheels | Needle-point axles | Body-mounted E-Z Mate Mark II couplers | N scale: 1: 160,Toys & Games | Hobbies | Trains & Accessories | Train Cars,$25.96,https://images-na.ssl-images-amazon.com/images/I/41F4dF7QN9L.jpg|https://images-na.ssl-images-amazon.com/images/G/01/x-locale/common/transparent-pixel.jpg
d229c3105ea7858cd1d92641a34b4ec8,Jumbo Foil Star Cutout (gold) Party Accessory (1 count),Make sure this fits by entering your model number. | This item is a great value! | 1 per package | General Occasion party item | Cutouts - Foil for festive occasions | High Quality,,$15.39,https://images-na.ssl-images-amazon.com/images/I/31q1CvkktxL.jpg|https://images-na.ssl-images-amazon.com/images/G/01/x-locale/common/transparent-pixel.jpg
72b935fe1a8026edc4fa21e68e6dfe80,Aquarius I Heart Unicorns Playing Cards,Make sure this fits by entering your model number. | N/A | Imported | Deck measures 2.5 x 3.5 | Deck contains multiple images | Officially licensed merchandise | Cards have a linen Type finish on them,Toys & Games | Games & Accessories | Card Games | Standard Playing Card Decks,$8.53,https://images-na.ssl-images-amazon.com/images/I/51bGGW7wFwL.jpg|https://images-na.ssl-images-amazon.com/images/G/01/x-locale/common/transparent-pixel.jpg
10e74e9a2789a22f0ec2c123456edf67,"Great Eastern Mega Man X4 9"" Plush","Make sure this fits by entering your model number. | Officially Licensed by Great Eastern! | Makes a great gift! | Cute and Collectible | Limited availability | Approx Size: 5.5""L x 3.5""W x 9""H",Toys & Games | Stuffed Animals & Plush Toys,$17.57,https://images-na.ssl-images-amazon.com/images/I/41NamIoJ7CL.jpg|https://images-na.ssl-images-amazon.com/images/G/01/x-locale/common/transparent-pixel.jpg
8636a90d68d24c44934ef2ea51702f18,"Robinson Racing Products Robinson Racing 1710 Hardened 10T Pinion Gear 32P, Brown/A",Precision RC hobby parts | Check your users manual for exact parts listings,Toys & Games | Hobbies | Remote & App Controlled Vehicles & Parts | Remote & App Controlled Vehicle Parts,$3.64,https://images-na.ssl-images-amazon.com/images/I/315iuGItROL.jpg|https://images-na.ssl-images-amazon.com/images/I/41Hw4q-xFIL.jpg|https://images-na.ssl-images-amazon.com/images/G/01/x-locale/common/transparent-pixel.jpg
78c66630b1b56bb6ea887ea781b07d47,Maisto R/C 1:14 Scale Lamborghini Huracan Radio Control Vehicle (Colors May Vary),Tri-channel transmitter: Three people can play at the same time if they have their own Maisto R/C Vehicles | Differential gearbox | Requires 6 AA batteries for the vehicle and 2 AAA batteries for the controller (Batteries Not Included),Toys & Games | Kids' Electronics,$38.55,https://images-na.ssl-images-amazon.com/images/I/41%2BW-cRYZGL.jpg|https://images-na.ssl-images-amazon.com/images/I/41LHe-xSErL.jpg|https://images-na.ssl-images-amazon.com/images/I/41W9zMFaVdL.jpg|https://images-na.ssl-images-amazon.com/images/I/31NfUyQHgWL.jpg|https://images-na.ssl-images-amazon.com/images/I/61YzVQ-lkWS.jpg|https://images-na.ssl-images-amazon.com/images/G/01/x-locale/common/transparent-pixel.jpg
afef5d77b6049314aeb9c50421a2cee9,Aquarius DC Wonder Woman Retro Playing Cards,Make sure this fits by entering your model number. | 52 different images per deck | Linen type finish | Officially licensed merchandise,Toys & Games | Games & Accessories | Card Games | Standard Playing Card Decks,$6.47,https://images-na.ssl-images-amazon.com/images/I/61367fJ9pHL.jpg|https://images-na.ssl-images-amazon.com/images/G/01/x-locale/common/transparent-pixel.jpg
0379ca9ef04209d1aae2106711eb7c76,"MightySkins Skin Compatible with Parrot Bebop 2 – Slow Sloth | Protective, Durable, and Unique Vinyl Decal wrap Cover | Easy to Apply, Remove, and Change Styles | Made in The USA","HUNDREDS OF CHOICES: Show off your own unique style with Mighty Skins for your Parrot Bebop 2! Don’t like the Slow Sloth skin? We have hundreds of designs to choose from, so your gear will be as unique as you are! | DURABLE PROTECTION FOR YOUR DEVICE: Manufactured with ultra-thin, ultra-durable, stain-resistant laminate vinyl in order to effectively protect your gear from dings, scrapes, dust, and the wear and tear of everyday use! Mighty Skins a SOFT vinyl skin cover, is not made of rubber, silicone or plastic And it is NOT a HARD case | GOES ON AND COMES OFF EASY: Apply your Mighty Skins vinyl decal easily And with precision on your gear thanks to a patented low grip air release adhesive that’s built to last but removes easily and leaves no sticky residue when you’re ready to switch to a different design! | SATISFACTION : Our , knowledgeable staff is here to help and customer satisfaction is our top priority! If you have any issues with your order or you’re not happy for any reason, just let us know and we’ll be there to help! | PROUDLY MADE IN THE USA: We Use Only 3M automotive-grade vinyl, the industry's most trusted brand, Mighty Skins are produced in our state-of-the-art facility in West Palm Beach, Florida.",Toys & Games | Hobbies | Remote & App Controlled Vehicles & Parts | Remote & App Controlled Vehicles | Quadcopters & Multirotors,$24.99,https://images-na.ssl-images-amazon.com/images/I/51PAjjCyfSL.jpg|https://images-na.ssl-images-amazon.com/images/I/51TkpEBheeL.jpg|https://images-na.ssl-images-amazon.com/images/G/01/x-locale/common/transparent-pixel.jpg
ed8d9032bc6d9f45b4db9209d693fdc0,"Martha Stewart Crafts Stencil Tape, 32292","Create plaids, stripes and checkerboards | Low tack adhesive | Easily removed | Holds stencils securely in place | Prevents run under of paint","Arts, Crafts & Sewing | Crafting | Paper & Paper Crafts | Paper Craft Tools",$9.97,https://images-na.ssl-images-amazon.com/images/I/41gxmYiDaRL.jpg|https://images-na.ssl-images-amazon.com/images/G/01/x-locale/common/transparent-pixel.jpg
a8dc69040cc0bb452c92cfe9bb57aa1c,LEGO Friends Heartlake Surf Shop 41315 Building Kit (186 Pieces),"Make sure this fits by entering your model number. | Features a surf shop with opening door, beach area with sun lounger, jetty with buoys, surfboard stand, buildable kayak and a rock for the seal | Includes a Mia mini-doll figure in a wetsuit, plus a Velvet the seal figure | Accessory elements include a paddle, 2 surfboards, waterproof camera, sunglasses, binoculars, water bottles, postcard and a cash register | Surf shop measures over 4in (11cm) high, 5in (14cm) wide and 6in (17cm) deep | Kayak measures over 4in (12cm) long, and under 1in (1cm) high and 1in (2cm) wide",Toys & Games | Building Toys,$19.99,https://images-na.ssl-images-amazon.com/images/I/51eDi60wqEL.jpg|https://images-na.ssl-images-amazon.com/images/I/61zg%2BAV6fCL.jpg|https://images-na.ssl-images-amazon.com/images/I/61fiDweaWGL.jpg|https://images-na.ssl-images-amazon.com/images/I/510viAZx6PL.jpg|https://images-na.ssl-images-amazon.com/images/I/51rhxHprXNL.jpg|https://images-na.ssl-images-amazon.com/images/I/51Lfwh5ZhhL.jpg|https://images-na.ssl-images-amazon.com/images/I/41spw19IW%2BL.jpg|https://images-na.ssl-images-amazon.com/images/G/01/x-locale/common/transparent-pixel.jpg
9a895f02b4ad0cae5802632c1993eb06,amscan Thank Yous | Hello Kitty Collection | Party Accessory,"Make sure this fits by entering your model number. | Measures 3.87"" x 5.62"" | Package of 8 cards | Pink background, ""Hello Kitty"", stars & balloons design, multi colored striped borders, houses & trees background, headline ""Thank You"" | Match with our other ""Hello Kitty"" party collection",Toys & Games | Party Supplies,$9.22,https://images-na.ssl-images-amazon.com/images/I/51YLM9e6QCL.jpg|https://images-na.ssl-images-amazon.com/images/G/01/x-locale/common/transparent-pixel.jpg
92791619f785a607f88bdf065b7f132e,"Great Pretenders Fairy Blooms Deluxe Dress with Wings, Green, Medium",Make sure this fits by entering your model number. | Running in the fields with fairy friends is where you will find your little one in this outfit | The satin ruched top allows your little fairy to be as free as her spirit | She will Flutter around in the printed tulle skirt made from layers of colored tulle. This outfit would not be complete with matching detachable wings,"Clothing, Shoes & Jewelry | Costumes & Accessories | Kids & Baby | Girls | Costumes",$34.99,https://images-na.ssl-images-amazon.com/images/I/51B9cK1r7aL.jpg|https://images-na.ssl-images-amazon.com/images/I/41X7cPqfnsL.jpg|https://images-na.ssl-images-amazon.com/images/I/51r83FI1HgL.jpg|https://images-na.ssl-images-amazon.com/images/I/41Og6%2BrEpnL.jpg|https://images-na.ssl-images-amazon.com/images/I/512jkXZM3QL.jpg|https://images-na.ssl-images-amazon.com/images/G/01/x-locale/common/transparent-pixel.jpg
0304022236b299aad7bc87ea32e043ff,"Thames & Kosmos Chem C2000 (V 2.0) Chemistry Set with 250 Experiments and 128 Page Lab Manual, Student Laboratory Quality Instruments & Chemicals",Make sure this fits by entering your model number. | Understand the remarkable reactions behind ordinary occurrences. | Professional quality equipment helps you make the most of your chemistry experiments. | This kit introduces you to the alcohol burner for experiments that require heat.,Toys & Games | Learning & Education | Science Kits & Toys,$107.86,https://images-na.ssl-images-amazon.com/images/I/51Ayqm1yikL.jpg|https://images-na.ssl-images-amazon.com/images/I/51KyrAgAosL.jpg|https://images-na.ssl-images-amazon.com/images/I/51n1Vz1dk5L.jpg|https://images-na.ssl-images-amazon.com/images/I/51IT0AE-HKL.jpg|https://images-na.ssl-images-amazon.com/images/I/41-FfmpWFRL.jpg|https://images-na.ssl-images-amazon.com/images/I/41jVL77RaSL.jpg|https://images-na.ssl-images-amazon.com/images/G/01/x-locale/common/transparent-pixel.jpg
814e4711e4823f8f00f058552fde21fa,"The Doll Maker Precious Moments Dolls, Linda Rick, Lion, Lion of Courage, Wizard of Oz, 7 inch Doll","Make sure this fits by entering your model number. | Artist: Linda Rick, The Doll Maker | Vinyl Doll | Made with the finest fabrics, lace, ribbons and wigs | Artist: Linda Rick Medium: Vinyl | Made with the finest fabrics, lace, ribbons and wigs",Toys & Games | Dolls & Accessories | Dolls,$22.00,https://images-na.ssl-images-amazon.com/images/I/41tueGfkp6L.jpg|https://images-na.ssl-images-amazon.com/images/I/31mSydnrjEL.jpg|https://images-na.ssl-images-amazon.com/images/G/01/x-locale/common/transparent-pixel.jpg
f6e664c2120ea19732b41350f460463d,Swing-N-Slide Blue Child Seat,Make sure this fits by entering your model number. | For backyard residential use only; unable to ship to a commercial address | Child swing for the youngest member of your family | Durable plastic construction supports up to 55 pounds | Recommended for ages 18 months to 3 years | Easily attaches to swing hanger (not included),Toys & Games | Sports & Outdoor Play | Play Sets & Playground Equipment,$15.99,https://images-na.ssl-images-amazon.com/images/I/41WsyYgyq%2BL.jpg|https://images-na.ssl-images-amazon.com/images/I/41ospxRxpEL.jpg|https://images-na.ssl-images-amazon.com/images/I/41eTgtA6T3L.jpg|https://images-na.ssl-images-amazon.com/images/I/61SBEuat-hL.jpg|https://images-na.ssl-images-amazon.com/images/I/41jgHMeda0L.jpg|https://images-na.ssl-images-amazon.com/images/I/31N9OsUWm1L.jpg|https://images-na.ssl-images-amazon.com/images/I/61tIkXOhQ9L.jpg|https://images-na.ssl-images-amazon.com/images/G/01/x-locale/common/transparent-pixel.jpg
d0dc4bfe601fc59233cc92ffec45c605,Kid O Myland UFO & Alien Light Interactive Learning Toy,"Make sure this fits by entering your model number. | Intuitive Tech for curious kids, MYLAND is toddler Tech that piques curiosity, inspires creativity and encourages exploration | Explore outer space in the spacepod; open the dome and put the green Alien in the cockpit and the spaceship fires up, triggering an LED light show | MYLAND toys need no instructions, rules or Limiting structure, kids are free to play, explore and discover independently, at their own pace | Explore the special powers of MYLAND; color and shape matching unlocks the magic; learn cause and effect, action/Reaction and early reasoning | Made from the highest quality ABS for durable, long lasting play; button Cell battery included; for the inquisitive toddler ages 2+",,$19.99,https://images-na.ssl-images-amazon.com/images/I/41CjoTPPZgL.jpg|https://images-na.ssl-images-amazon.com/images/I/31pOdYFTy%2BL.jpg|https://images-na.ssl-images-amazon.com/images/I/31lv2j0DtpL.jpg|https://images-na.ssl-images-amazon.com/images/I/31wAwdqeyuL.jpg|https://images-na.ssl-images-amazon.com/images/I/31jwUcyyeQL.jpg|https://images-na.ssl-images-amazon.com/images/I/516gftIVxUL.jpg|https://images-na.ssl-images-amazon.com/images/G/01/x-locale/common/transparent-pixel.jpg
02d5d3748dc98cf913b93dc8b5c05c8b,"Hasbro Little Pony Rainbow Dash Cuddle Pillow, Large, Blue",Make sure this fits by entering your model number. | 100% Polyester | Imported | Package includes one 7.5x16. 5x18 inches shaped cuddle pillow | Fabric is 100Percent polyester | This rainbow dash cuddle pillow has a glitter polyester fabric mane | This pillow is spot clean only,Toys & Games | Stuffed Animals & Plush Toys | Plush Pillows,$30.82,https://images-na.ssl-images-amazon.com/images/I/41BFuosDGpL.jpg|https://images-na.ssl-images-amazon.com/images/I/41CBuLz82iL.jpg|https://images-na.ssl-images-amazon.com/images/I/51v3GTVRTFL.jpg|https://images-na.ssl-images-amazon.com/images/I/51SkaLUQABL.jpg|https://images-na.ssl-images-amazon.com/images/G/01/x-locale/common/transparent-pixel.jpg
45208c800cf9482dfd24ef949a0f0cd0,Jay Franco Nickelodeon JoJo Siwa Sweet Life Curtain/Drapes,"Make sure this fits by entering your model number. | 100% Polyester | HIGH QUALITY & EASY SET UP - Each Nickelodeon Jojo Siwa curtain panel measures 42"" inch wide (total width 84"" inch wide) by 84"" inch long. Curtains are made of super soft polyester microfiber. Durable fabric lasts long and does not fade in sunlight. Rod pocket panel fits standard 1"" inch decorative curtain rod (curtain rode sold separately). Easy care machine washable. To clean, machine wash cold. To dry, air/tumble dry on low | BEAUTIFUL DESIGN & LONG LASTING - Designed for the Jojo Siwa fan in your life, these drapes will make any room in your house pop. Bold and fun colors are good for playtime, naptime, and bedtime. Drapes are long lasting and durable. Note: Tie back design may vary from image. | GREAT GIFT - Jojo Siwa Sweet Life keeps out just the right amount of light so your child can sleep in peace. Makes a great gift for birthday, holiday, or any occasion. Rolls up for easy storage and travel. | SHOP THE JOJO SIWA COLLECTION - Complete your bedroom with our other Nickelodeon Jojo Siwa products - Coordinating bedding and accessories available (sold separately). | OUR FAMILY COMPANY - Our company is still small and family run. We take great pride in our products and our unsurpassed customer service. We know that our wonderful customers are the reason we are in business! We offer excellent quality, non-toxic products. With our coordinating Jojo Siwa accessories, you can mix and match our high-quality and unique boy’s comforter sets, girl’s comforter sets, kids sheet sets, or kids pillows.",Home & Kitchen | Home Décor | Kids' Room Décor | Window Treatments | Curtain Panels,$19.99,https://images-na.ssl-images-amazon.com/images/I/51a-q22rvvL.jpg|https://images-na.ssl-images-amazon.com/images/I/51nVrV8bwaL.jpg|https://images-na.ssl-images-amazon.com/images/I/41I0zeHW2zL.jpg|https://images-na.ssl-images-amazon.com/images/I/516-7UcXWtL.jpg|https://images-na.ssl-images-amazon.com/images/I/51a0nvxyKUL.jpg|https://images-na.ssl-images-amazon.com/images/G/01/x-locale/common/transparent-pixel.jpg
79e3041db1ebd4fdd038c9d2cf0ef04e,Play-Doh Poop Troop Set with 12 Cans,"Make sure this fits by entering your model number. | Kids can create their own hilarious poo characters out of squishy, silly Play-Doh compound | Shape a character and make over 50 combinations with the silly face parts including plug-in eyes, arms, mouths, and a hat | Make creations like poop monsters or the famous emojis with the poo mold or by squeezing them from the decorating tool | Includes 12 cans of Play-Doh compound including 10 standard-size 2-ounce cans and 2 small 1-ounce cans",Toys & Games | Arts & Crafts | Clay & Dough,$13.71,https://images-na.ssl-images-amazon.com/images/I/41XrdvaHc5L.jpg|https://images-na.ssl-images-amazon.com/images/I/51SaLgUketL.jpg|https://images-na.ssl-images-amazon.com/images/I/41krKuyOz1L.jpg|https://images-na.ssl-images-amazon.com/images/I/41K05Yu84wL.jpg|https://images-na.ssl-images-amazon.com/images/I/417gkkfvTGL.jpg|https://images-na.ssl-images-amazon.com/images/I/41DtkBELS2L.jpg|https://images-na.ssl-images-amazon.com/images/I/41hxBrZWbPL.jpg|https://images-na.ssl-images-amazon.com/images/G/01/x-locale/common/transparent-pixel.jpg
49f3c6b312e7fecbf0ddadd4a080add7,Marvel Select: Hulk Unleashed Action Figure,Make sure this fits by entering your model number. | Previously a Disney Store exclusive | Inspired by the art of Superstar Marc silvestri | Classic ripped-pants look | Sculpted by Jean St. Jean | Display-ready select packaging,,$22.28,https://images-na.ssl-images-amazon.com/images/I/41AOkcPtKfL.jpg|https://images-na.ssl-images-amazon.com/images/G/01/x-locale/common/transparent-pixel.jpg
c709c8bd5fcca2e3e2ae32ba1d69faf4,Firefly: The Game - Esmeralda Game Expansion,"Make sure this fits by entering your model number. | Expands the Firefly: The Board Game universe, allowing you to pilot a brand new ship and crew | Includes a new Story Card and Set Up Card to enhance Gameplay | New: Firefly Series IV miniature | Not a standalone game - needs Firefly: The Game to play",Toys & Games | Games & Accessories | Board Games,$12.50,https://images-na.ssl-images-amazon.com/images/I/41Ek%2BlZyP-L.jpg|https://images-na.ssl-images-amazon.com/images/I/41XVKRGHeKL.jpg|https://images-na.ssl-images-amazon.com/images/G/01/x-locale/common/transparent-pixel.jpg
99da793d9f8a083c04df9911ceb60715,Gym Dandy Teeter-Totter Home Seesaw Playground Set TT-210,"Make sure this fits by entering your model number. | Steel, plastic | Imported | COLORFUL DESIGN – Brightly colored powder coated finish with padded grip handles to prevent calluses even after hours of play | BUMP ABSORBER – Reinforced with a bump-absorber mechanism that allows for comfortable play by reducing impacts, making it safer than traditional park seesaws. | ""HIGH-QUALITY MATERIALS – This playground is made with premium-quality steel and the finest plastic. Large, elongated, and padded seats for a comfortable ride, supporting riders up to 300 lbs. in total weight. "" | SAFE & ERGONOMIC DESIGN – This fun and pleasurable play set is designed with a single fulcrum for a more traditional rocking motion. It also features ergonomic handle bars so your children can easily grip the bars without worrying of falling off balance | COMFORTABLE SEAT PAD – Gym Dandy provides elongated soft cushioned seats for users",Toys & Games | Sports & Outdoor Play | Play Sets & Playground Equipment | Teeter Totters,$105.81,https://images-na.ssl-images-amazon.com/images/I/418gpVCS%2BuL.jpg|https://images-na.ssl-images-amazon.com/images/I/61acGMwDCfL.jpg|https://images-na.ssl-images-amazon.com/images/I/61IVW-goWtL.jpg|https://images-na.ssl-images-amazon.com/images/I/51czFGUFNaL.jpg|https://images-na.ssl-images-amazon.com/images/I/41F%2B7%2BVA9NL.jpg|https://images-na.ssl-images-amazon.com/images/I/41EbPTd1b8L.jpg|https://images-na.ssl-images-amazon.com/images/G/01/x-locale/common/transparent-pixel.jpg
8e07a9181d2ec9ee5950021ea3d8b2a0,Ultra Pro Gamers Bag - Red,"Make sure this fits by entering your model number. | The Gamers Bag is a versatile messenger bag with an adjustable shoulder strap. | Interchangeable flap to customize your style. Durable elastic straps to secure your deck boxes. | Neoprene laptop, e-reader pouches. Backside compartment sized to fit a fully loaded Ultra PRO PRO-Binder. | Play mat tube holder. Multiple zippered compartments for dice, pad, pen and other gaming accessories. | Color is only on the outside zipper pull strap. Inside zippers all have red pull sting.",Sports & Outdoors | Fan Shop | Electronics | Computer Accessories,$74.96,https://images-na.ssl-images-amazon.com/images/I/41FPWXeFdEL.jpg|https://images-na.ssl-images-amazon.com/images/G/01/x-locale/common/transparent-pixel.jpg
a849de4958fcf81230d956e8991ac7c5,Banpresto 35783 My Hero Academia Enter The Hero Izuku Midoriya Figure,"Make sure this fits by entering your model number. | Official Product By Little Buddy/Banpresto/Bandai | Cute and collectible | Makes a great gift | Limited availability | The bottom of the item will have a little buddy sticker, but not an Authenticity sticker on the top of the box",Toys & Games | Toy Figures & Playsets | Action Figures,$25.95,https://images-na.ssl-images-amazon.com/images/I/411R-qnWy7L.jpg|https://images-na.ssl-images-amazon.com/images/G/01/x-locale/common/transparent-pixel.jpg
123de3c9efa5f49dbbc098068d94acc2,"Delta Children Bistro 2-Piece Chair Set, White with Driftwood","Recommended for ages 3+; Pair these chairs with the matching Bistro Kids Play Table #560302 to complete the look | Chair legs feature rubber feet to protect floor surfaces; Durable metal and composite wood construction; Designed for indoor use only | Assembled Dimensions: 17.75""W x 17""D x 21""H; Seat Surface Dimensions: 12""W x 12""D x 11.25""H | Durable finish is easy to clean | Tested for lead and other toxic elements to meet or exceed government and ASTM",Home & Kitchen | Furniture | Kids' Furniture | Chairs & Seats | Armchairs,$99.99,https://images-na.ssl-images-amazon.com/images/I/31pEKBkzOAL.jpg|https://images-na.ssl-images-amazon.com/images/I/51A2XTYx3mL.jpg|https://images-na.ssl-images-amazon.com/images/I/51LIQ-obNnL.jpg|https://images-na.ssl-images-amazon.com/images/I/31cUfPVk0FL.jpg|https://images-na.ssl-images-amazon.com/images/I/311zuq8Xv%2BL.jpg|https://images-na.ssl-images-amazon.com/images/I/51ZbquS-XmL.jpg|https://images-na.ssl-images-amazon.com/images/G/01/x-locale/common/transparent-pixel.jpg
c0fd11e864d351e88e9df728bbaa486d,Nations The Dice Game Unrest Expansion,Make sure this fits by entering your model number. | The game is designed to be played by one to four players. | 20 - 40 minutes average playtime | For ages 14 and up,Toys & Games | Games & Accessories,$36.91,https://images-na.ssl-images-amazon.com/images/I/515KfaaifcL.jpg|https://images-na.ssl-images-amazon.com/images/I/51kDGv0S8-L.jpg|https://images-na.ssl-images-amazon.com/images/I/615ZczgzyuL.jpg|https://images-na.ssl-images-amazon.com/images/I/51SS0HXiL9L.jpg|https://images-na.ssl-images-amazon.com/images/G/01/x-locale/common/transparent-pixel.jpg
932626782438aa58a8222562b8bfefb0,Educational Insights Nancy B's Science Club Binoculars and Wildlife Activity Journal,"Make sure this fits by entering your model number. | From bird search and ecosystem challenges to creative writing and drawing exercises, this set is perfect for the nature lover in your life! | Includes 4x magnification binoculars and 22-page activity journal packed with scientific activities! | Binoculars are lightweight, yet durable. | Supports STEM learning, providing hands-on experience with a key scientific tool. | Great introductory tool for young naturalists on-the-go! | Part of the Nancy B's Science Club line, designed to encourage scientific confidence. | Winner of the Parents' Choice Recommended Award. | Scientific experience designed specifically for kids ages 8-11.",Electronics | Camera & Photo | Binoculars & Scopes | Binoculars,$11.24,https://images-na.ssl-images-amazon.com/images/I/41Ur8ETZYHL.jpg|https://images-na.ssl-images-amazon.com/images/I/513aqZwDI2L.jpg|https://images-na.ssl-images-amazon.com/images/I/51SpOXHbCoL.jpg|https://images-na.ssl-images-amazon.com/images/I/51eEotqTaJL.jpg|https://images-na.ssl-images-amazon.com/images/I/51C8lQfVTcL.jpg|https://images-na.ssl-images-amazon.com/images/I/51pMt29Qt2L.jpg|https://images-na.ssl-images-amazon.com/images/I/51JBZau3PRL.jpg|https://images-na.ssl-images-amazon.com/images/G/01/x-locale/common/transparent-pixel.jpg
d9809a6fc787570b33d9f44c5d4e1415,"Educational Insights Alphabet Transparent Stamps- Uppercase 5/8""","Make sure this fits by entering your model number. | See what you're stamping with transparent See and Stamps | Uppercase letters | Each stamp is 5/8"" tall | Easy-to-grip handles are perfectly sized for little hands | Includes durable plastic storage case",Toys & Games | Arts & Crafts,$11.12,https://images-na.ssl-images-amazon.com/images/I/51HP2ekp0yL.jpg|https://images-na.ssl-images-amazon.com/images/I/51q1h90n8uL.jpg|https://images-na.ssl-images-amazon.com/images/I/513jAq8HvmL.jpg|https://images-na.ssl-images-amazon.com/images/G/01/x-locale/common/transparent-pixel.jpg
f880bf9d197e7e4fc752ca2d108cd67c,Enchantimals Styling Head- Brown Mailer,"Make sure this fits by entering your model number. | Bring home the magic of the Enchantimals with the new Bree bunny styling head! Bree has beautiful long pink hair that is perfect for brushing and styling and comes posed holding her sweet bunny friend, twist! the set comes with one hairbrush, one headband, four hair barrettes, and six pop-in flower charms. | Packaging: brown mailer | Set includes: one styling head, one hair brush, four barrettes, six pop-in flower charms and one headband. | Kids can wear and share the hair accessories. | Customize the barrettes and styling head with the pop-in flower charms. | So many ways to style bree's hair! perfect for creative play.",Toys & Games | Novelty & Gag Toys,$18.59,https://images-na.ssl-images-amazon.com/images/I/51bfwJIUBgL.jpg|https://images-na.ssl-images-amazon.com/images/I/41mRF6KF-yL.jpg|https://images-na.ssl-images-amazon.com/images/I/51wUWvoiF-L.jpg|https://images-na.ssl-images-amazon.com/images/I/51tMAjfgfwL.jpg|https://images-na.ssl-images-amazon.com/images/I/51vIoAMnlGL.jpg|https://images-na.ssl-images-amazon.com/images/I/51GvNgZpPIL.jpg|https://images-na.ssl-images-amazon.com/images/G/01/x-locale/common/transparent-pixel.jpg
b7bb0de40b81beb68392cb9eac930137,Spirit Riding Free Small Doll & Horse Set - Abigail & Boomerang,"Make sure this fits by entering your model number. | Set includes: one 5"" Abigail doll, one 7"" Boomerang horse with Saddle and bridle | Abigail features poseable arms and legs for imaginative play | Perfect size for little hands and collectability | Collect all four collector doll and horse sets: lucky and spirit, ABIGAIL and boomerang, Pru and Chica Linda, and Solana and Luna | Each set sold separately | Ages 3+",Toys & Games | Dolls & Accessories | Dolls,$15.98,https://images-na.ssl-images-amazon.com/images/I/51qH7ce3o8L.jpg|https://images-na.ssl-images-amazon.com/images/I/515LieNfK3L.jpg|https://images-na.ssl-images-amazon.com/images/I/51wXP%2Be-sIL.jpg|https://images-na.ssl-images-amazon.com/images/I/41bssHMH-qL.jpg|https://images-na.ssl-images-amazon.com/images/G/01/x-locale/common/transparent-pixel.jpg
28fb13c41d60ada29a481c17ad2f24b8,Click N' Play Military Logistics Transport Unit 16 Piece Play Set with Accessories.,"Make sure this fits by entering your model number. | Military action packed pretend play set made of super strong, superior quality BPA free plastic material, with Authentic, highly detailed design with uniforms & accessories. | Set includes; 1 military jeep, 1 trailer, 1 motorbike, 2 soldier figures, 2 riles, 2 oil barrels, 2 jerry cans, 1 packpack, 1 wooded crate w/ lid, 1 rocket launcher, 1 ax and 1 shovel. | Fully poseable 1:18 action figures that can stand alone with 22 articulated joint points. | Vehicles measurements in inches; 8"" L 2.75"" H 3.75"" W. Trailer measurements; 4.75"" L x 4"" W x 2.5"" H. | COLLECT THEM ALL! Also available from Click N’ Play; military army base, command center, military navy dinghy boats, combat and rescue helicopters, army tank, military action figure sets, military vehicles, and more!",Toys & Games | Toy Figures & Playsets,$18.99,https://images-na.ssl-images-amazon.com/images/I/51M7wSAoMxL.jpg|https://images-na.ssl-images-amazon.com/images/I/61wQ3AL9j6L.jpg|https://images-na.ssl-images-amazon.com/images/G/01/x-locale/common/transparent-pixel.jpg
cabef2309e492543d75e306c23cd7c5a,HiTec RCD 55013 HS-65HB Mighty Karbonite Feather Servo,"Speed (4.8V/6.0V): 0.14 / 0.11 sec @ 60 deg., Torque oz./in. (4.8V/6.0V): 25 / 31 | Size in Inches: 0.92 x 0.45 x 0.94, Size in Millimeters: 23.34 x 11.43 x 23.88 | Weight ounces: 0.39, Weight grams: 11.06",Toys & Games | Hobbies | Remote & App Controlled Vehicles & Parts | Remote & App Controlled Vehicle Parts | Servos & Parts | Servos,$8.99,https://images-na.ssl-images-amazon.com/images/I/318NrHBVk7L.jpg|https://images-na.ssl-images-amazon.com/images/G/01/x-locale/common/transparent-pixel.jpg
7e4d77ac0e15f3966d5c3ac8839ae080,"Canal Toys Power Dough Unicorns Interactive Dough (11Piece), Multicolor",Make sure this fits by entering your model number. | Bring your dough to life! | Dough conducts like magic to activate the accessories | Includes 6 interchangeable accessories | Includes 2 power parts with batteries | Includes 2 dough pots,Toys & Games | Arts & Crafts | Clay & Dough,$6.74,https://images-na.ssl-images-amazon.com/images/I/51uBJm8t0aL.jpg|https://images-na.ssl-images-amazon.com/images/I/41DD7iu6KQL.jpg|https://images-na.ssl-images-amazon.com/images/I/31nUvI%2B%2BQWL.jpg|https://images-na.ssl-images-amazon.com/images/I/51iN1iBDcIL.jpg|https://images-na.ssl-images-amazon.com/images/G/01/x-locale/common/transparent-pixel.jpg
41fa5a2332e5c062b2b8f2b14daa5e5e,COBI Small Army DW Twin-Turret Tank,"Make sure this fits by entering your model number. | Includes 400 blocks | 1 figure of a Polish tank commander, 1 figure of a Polish gunner | A block replica weapon: rifle Mas 36, TT gun | Easy to follow instruction manual | Compatible with other leading brands of construction blocks",Toys & Games | Building Toys,$51.39,https://images-na.ssl-images-amazon.com/images/I/51sx-GIKoVL.jpg|https://images-na.ssl-images-amazon.com/images/I/61U0h88YACL.jpg|https://images-na.ssl-images-amazon.com/images/I/51%2B5GnEIsgL.jpg|https://images-na.ssl-images-amazon.com/images/G/01/x-locale/common/transparent-pixel.jpg
9069f341e27a58e956b9aa3920738ecf,Trend Enterprises Division 0-12 All Facts Skill Drill Flash Cards,"Make sure this fits by entering your model number. | Learning facts is easier with complete division tables for 0–12. Great for test prep and review. | Self-checking, with answers on card backs. | Sturdy tagboard cards and reinforced cardboard storage box. | 156 cards. 3"" x 6"" no-see-through cards with quick-sorting, rounded corners. | Equations presented 2 ways to reinforce skills | Complete tables for all numbers 0-12 | 156 cards per set | Complements TREND's Multiplication All Facts Skill Drill Flash Cards | Great for classroom and home use",Toys & Games | Learning & Education | Flash Cards,$10.94,https://images-na.ssl-images-amazon.com/images/I/61tOjvr5VTL.jpg|https://images-na.ssl-images-amazon.com/images/I/51sAjNCQjgL.jpg|https://images-na.ssl-images-amazon.com/images/I/51OTFNfuNqL.jpg|https://images-na.ssl-images-amazon.com/images/I/61horKVMwEL.jpg|https://images-na.ssl-images-amazon.com/images/I/61qMarWghuL.jpg|https://images-na.ssl-images-amazon.com/images/G/01/x-locale/common/transparent-pixel.jpg
a6be2cb936c19bd031e72e8256003ab5,Hitec RCD 44212 X4 Micro AC/DC 1 Cell LiPo Charger,"AC input: 100-240 Volts, DC input: 11-15 Volts | Charge circuit power: 4 x 4W , charge current range: 0.11.0 amp, net weight: 10 ounces, Dimensions: 5.2 x 3.9 x 2.0 inches | Four independent charge ports , each port features four popular battery connectors and an independent LED display",Toys & Games | Hobbies | Remote & App Controlled Vehicles & Parts | Remote & App Controlled Vehicle Parts | Battery Chargers,$43.48,https://images-na.ssl-images-amazon.com/images/I/51BGyvR95QL.jpg|https://images-na.ssl-images-amazon.com/images/I/51qpOrYobTL.jpg|https://images-na.ssl-images-amazon.com/images/I/51QIYgMH7LL.jpg|https://images-na.ssl-images-amazon.com/images/I/41a05pM-ejL.jpg|https://images-na.ssl-images-amazon.com/images/I/51yzljsYNyL.jpg|https://images-na.ssl-images-amazon.com/images/I/61VrQA1wohL.jpg|https://images-na.ssl-images-amazon.com/images/I/41r%2BSueq2OL.jpg|https://images-na.ssl-images-amazon.com/images/G/01/x-locale/common/transparent-pixel.jpg
8b3ed216e8ea2a65feb8843e16e57217,"Craft-tastic – Kindness Kit – Craft Kit Includes 8 Projects to Inspire Kindness, Bilingual","Make sure this fits by entering your model number. | Inspires thoughtfulness, creativity, and kindness with 8 charming crafts | Encourages kids to learn the importance and experience the joy of spreading kindness by making projects and then giving them to loved ones | Crafts include kindness coupons, making a “10 thing I like” book, a kindness bouquet, and more heartwarming crafts to encourage creativity | Kit includes 23 yds (21 m) of cotton thread, 23 pieces of adhesive, 4 pieces of felt, 111 pieces of paper, 2 paper straws, 5 chenille stems, 1 plastic needle, and 180 pom poms | Manufacturer suggested price: $19.99 - recommended for ages 6+",Toys & Games | Arts & Crafts | Craft Kits,$19.99,https://images-na.ssl-images-amazon.com/images/I/51csZYQnCuL.jpg|https://images-na.ssl-images-amazon.com/images/I/61H87C6taTL.jpg|https://images-na.ssl-images-amazon.com/images/I/41WYogfaaUL.jpg|https://images-na.ssl-images-amazon.com/images/I/51aKN%2B-jXzL.jpg|https://images-na.ssl-images-amazon.com/images/I/5170ZzUXh7L.jpg|https://images-na.ssl-images-amazon.com/images/I/517x%2BytLzUL.jpg|https://images-na.ssl-images-amazon.com/images/I/51I%2BFdj9eeL.jpg|https://images-na.ssl-images-amazon.com/images/G/01/x-locale/common/transparent-pixel.jpg
1d6d1a47bc11a7549b994c0e8cbd8804,"Corolle Bebe Bath Oceane - 12""","Make sure this fits by entering your model number. | 12-Inch soft-body baby doll designed for fun in the tub | Encourages imaginative play, friendly tub-time, nurturing skills | An adorable friend for all your little one's aquatic adventures | Compatible with all aquatic environments - tub, pool, beach | Tab sewn onto doll's back - hang it up to dry after bath time",Toys & Games | Dolls & Accessories | Dolls,$39.47,https://images-na.ssl-images-amazon.com/images/I/41QdOr-4ktL.jpg|https://images-na.ssl-images-amazon.com/images/I/41rqhJSzQRL.jpg|https://images-na.ssl-images-amazon.com/images/I/41CbSHx9bwL.jpg|https://images-na.ssl-images-amazon.com/images/I/410ECX1nlSL.jpg|https://images-na.ssl-images-amazon.com/images/I/41oAyQasfiL.jpg|https://images-na.ssl-images-amazon.com/images/I/41LhSzhNoEL.jpg|https://images-na.ssl-images-amazon.com/images/I/41Q7lpKtT5L.jpg|https://images-na.ssl-images-amazon.com/images/G/01/x-locale/common/transparent-pixel.jpg
8fd364299f24cb6ba28a5a93919b5cfa,"MasterPieces John Wayne Jigsaw Puzzle, America's Cowboy, Legendary Collection, 1000 Pieces",Make sure this fits by entering your model number. | Montage of John Wayne films puzzle | 1000 pieces in finished 19.25 inch x 26.75 inch puzzle | MasterPieces - An American Puzzle & Game Company. We stand behind our products and guarantee your satisfaction | Thick puzzle board ensures a tight interlocking fit | Random cut puzzle pieces create a fun experience,Toys & Games | Puzzles | Jigsaw Puzzles,$12.99,https://images-na.ssl-images-amazon.com/images/I/51JoeofIY1L.jpg|https://images-na.ssl-images-amazon.com/images/I/51ShIPf%2ByXL.jpg|https://images-na.ssl-images-amazon.com/images/I/51-pgVGeM9L.jpg|https://images-na.ssl-images-amazon.com/images/G/01/x-locale/common/transparent-pixel.jpg
7e3cd8712b226daca73ba3ab3abde13c,"Perler 80-22860 Instruction Pad for Fuse Beads, 86 Patterns, Summertime Fun Piece","Contains 86 unique Perler bead patterns! | For ages 6+. Adult help and supervision required when ironing. Package does not include ironing paper, pegboards, or beads. | Create all kinds of awesome summer themed patterns like a sun with sunglasses, a tent, a fish, a unicorn, and more! | Creating these patterns is a wonderful kid's activity and a perfect project for play dates and parties. | Follow the instructions or use your own differently colored Perler fusion beads for fun customization.","Arts, Crafts & Sewing | Beading & Jewelry Making | Beading Supplies | Fuse & Perler Beads",$5.99,https://images-na.ssl-images-amazon.com/images/I/61ghHfknG5L.jpg|https://images-na.ssl-images-amazon.com/images/I/615zzCBNDtL.jpg|https://images-na.ssl-images-amazon.com/images/I/51mlMY15sEL.jpg|https://images-na.ssl-images-amazon.com/images/G/01/x-locale/common/transparent-pixel.jpg
38764032a8ab8cbacc789a9419d2a020,Tiny Arcade Pole Position,"Make sure this fits by entering your model number. | One of the most influential video games of all times, setting the standard for future racing games is back, in miniature size! | Screen size is 1.5 inches with an overall cabinet size of 3.75 x 1.75 x 1.75, each Tiny Arcade is a working, miniature version of the original full-size arcade. Some graphics have been modified. | Complete gameplay includes full color, Hi-Res screen, authentic game sounds, steering wheel, and two control buttons in a backlit arcade style cabinet | Each includes (3) AAA batteries, Keychain, and instructions",Toys & Games | Novelty & Gag Toys,$16.82,https://images-na.ssl-images-amazon.com/images/I/51HnBmRDGIL.jpg|https://images-na.ssl-images-amazon.com/images/I/51KlfvdDsQL.jpg|https://images-na.ssl-images-amazon.com/images/I/41KdnH0ghJL.jpg|https://images-na.ssl-images-amazon.com/images/I/419FBiy7rhL.jpg|https://images-na.ssl-images-amazon.com/images/I/41mqA7preIL.jpg|https://images-na.ssl-images-amazon.com/images/I/51tEYhfh2CL.jpg|https://images-na.ssl-images-amazon.com/images/G/01/x-locale/common/transparent-pixel.jpg
ff09acf412a4d6277345698d6038909f,WWE Rey Mysterio Elite Collection Action Figure,"Make sure this fits by entering your model number. | This WWE Elite Collection action figure captures the blowout action! | One of WWE's biggest personalities and champions, this approximately 6-inch figure comes ready to wreak havoc right out of the box! | Amazing detail captures the Superstar's personality with these deluxe features: articulation for pose and play action, True FX enhanced facial detailing for life-like authenticity, WWE ring gear and iconic accessories for added play value. | Perfect for the WWE Universe and collecting! | Get all the WWE Elite Collection figures and let the battles begin!",Toys & Games | Toy Figures & Playsets | Action Figures,$25.99,https://images-na.ssl-images-amazon.com/images/I/41AonF4AbkL.jpg|https://images-na.ssl-images-amazon.com/images/I/41TMPHMnkuL.jpg|https://images-na.ssl-images-amazon.com/images/I/41MQ3LAgofL.jpg|https://images-na.ssl-images-amazon.com/images/I/51XXRKG%2BuDL.jpg|https://images-na.ssl-images-amazon.com/images/I/51PmJD2UnxL.jpg|https://images-na.ssl-images-amazon.com/images/I/51e1MMF%2BfLL.jpg|https://images-na.ssl-images-amazon.com/images/G/01/x-locale/common/transparent-pixel.jpg
9d5a7160612c96058770fcc966a92054,Dragon Ball Fighterz - PlayStation 4,"Allows players to train and master more than One Fighter/style which brings deeper gameplay | Using the power of the Unreal engine and the talented team at Arc System Works, DRAGON BALL FighterZ is a visual tour-de-force | Experience aerial combos, destructible stages, famous scenes from the DRAGON BALL anime reproduced in 60FPS and1080p resolution (higher resolutions will be supported on PS4 Pro and Xbox Scorpio)",Video Games | PlayStation 4 | Games,$ 19 99 $39.95 #listPriceLegalMessageText { margin-left: 4px !important; } #listPriceLegalMessage .a-popover-trigger:hover { text-decoration: none !important; } #listPriceLegalMessage .a-icon-popover { display: none !important; margin-left: 0px !important; margin-top: 6px !important; } Save $19.96 (50%),https://images-na.ssl-images-amazon.com/images/I/618aI9c4NzL.jpg|https://images-na.ssl-images-amazon.com/images/I/51M98LkEAPL.jpg|https://images-na.ssl-images-amazon.com/images/I/51H9DN%2Bq%2BSL.jpg|https://images-na.ssl-images-amazon.com/images/I/51DSUBkqfZL.jpg|https://images-na.ssl-images-amazon.com/images/I/51fP1LTcFRL.jpg|https://images-na.ssl-images-amazon.com/images/I/51Uj3L-0hdL.jpg|https://images-na.ssl-images-amazon.com/images/I/51vBj2xMUdL.jpg|https://images-na.ssl-images-amazon.com/images/I/51XGAd8lN8L.jpg|https://images-na.ssl-images-amazon.com/images/I/51CCH6J-97L.jpg|https://images-na.ssl-images-amazon.com/images/I/61qn516qttL.jpg
167a657569966c53f85837414f11fef0,Original 3D Crystal Puzzle - Swan,"Make sure this fits by entering your model number. | The Blue Swan 3D Crystal Puzzle from BePuzzled is a sleek, translucent, crystalline puzzle with 43 unique interlocking pieces | Take puzzling to a whole new dimension with this elegant design | Enjoyable to work on, challenging to complete and beautiful to display | This 3D puzzle has a difficulty level of 2 and is fun for puzzlers age 12 and up | Approximate assembled size = 3-1/2"" x 2-1/4"" x 3-1/2""",Toys & Games | Puzzles | Brain Teasers,$9.60,https://images-na.ssl-images-amazon.com/images/I/51KLyY5WdsL.jpg|https://images-na.ssl-images-amazon.com/images/I/51cVn3vhQ8L.jpg|https://images-na.ssl-images-amazon.com/images/I/51g3HtmBaxL.jpg|https://images-na.ssl-images-amazon.com/images/I/61zGJoICNcL.jpg|https://images-na.ssl-images-amazon.com/images/G/01/x-locale/common/transparent-pixel.jpg
6bbd68078c73c7e597720418d5347070,"Dark Horse Deluxe The Umbrella Academy Playing Cards, Multicolor",Make sure this fits by entering your model number. | Celebrate the return of the hit series BY Gerard way and Gabriel BA | Netflix series to debut soon | Your favorite dysfunctional family is represented | Standard size deck | Includes 52 playing cards and 2 jokers,Toys & Games | Games & Accessories | Card Games | Standard Playing Card Decks,$4.99,https://images-na.ssl-images-amazon.com/images/I/51OmEg0kLkL.jpg|https://images-na.ssl-images-amazon.com/images/G/01/x-locale/common/transparent-pixel.jpg
875a5a1374880f0c30bce7429ff4e411,"Strawberry Shortcake Classic Doll, 6""",Make sure this fits by entering your model number. | Original - reproductions of the original 1980's dolls | Scented - each doll is sweetly scented! | Collectors - perfect for fans and collectors looking to share their Favorite doll with a new generation! | Age: 3+,Toys & Games | Dolls & Accessories | Dolls,$12.89,https://images-na.ssl-images-amazon.com/images/I/41u48iJce7L.jpg|https://images-na.ssl-images-amazon.com/images/I/51B1T0u8kCL.jpg|https://images-na.ssl-images-amazon.com/images/I/51rzxp4BeNL.jpg|https://images-na.ssl-images-amazon.com/images/I/51YrXU2Td5L.jpg|https://images-na.ssl-images-amazon.com/images/G/01/x-locale/common/transparent-pixel.jpg
55259e7b18b0f9c485d920d401dafed3,"Darice Doll Hat: Black Felt Top Hat, 2 inches, 1 Piece","Black felt top hat measures 2 x 1.25 x 1"" in Size | There is 1 piece per package | Try this miniature top hat for dolls, party decorations, crafts and more | Product Dimension: 1.89""L x 1.62""W x 0.27""H",Toys & Games | Dolls & Accessories | Doll Accessories,$4.35,https://images-na.ssl-images-amazon.com/images/I/41gwtJ2ftmL.jpg|https://images-na.ssl-images-amazon.com/images/G/01/x-locale/common/transparent-pixel.jpg
1d3b2d2a7a30a088f5c0e2976b8b37ca,"Sugarbooger Silicone Teether Set-of-Two, Happy Cactus","Helps soothe baby and provide tactile stimulation | Sized just right for tiny hands | Has a variety of textures that make it fun for baby to explore and can be refrigerated or frozen to further soothe sore and aching gums | Lead-free, BPA-free, phthalate-free, non-toxic | Makes a perfect gift","Baby Products | Baby Care | Pacifiers, Teethers & Teething Relief | Teethers",$16.72,https://images-na.ssl-images-amazon.com/images/I/41c7iBpkrGL.jpg|https://images-na.ssl-images-amazon.com/images/I/41PbX%2Bt-WzL.jpg|https://images-na.ssl-images-amazon.com/images/I/31lyFkqv-OL.jpg|https://images-na.ssl-images-amazon.com/images/G/01/x-locale/common/transparent-pixel.jpg
baa973c42b723622550e48dda886cff7,"Wild Republic Horse Plush, Stuffed Animal, Plush Toy, Gifts for Kids, Cuddlekins, Brown 12 Inches","Make sure this fits by entering your model number. | This Horse stuffed animal will take you back in time to feeling like you are in the Wild West | 12 inches is the perfect size to make this plush toy the perfect companion to take on the go | This stuffed animal is surface washable, meaning it can survive even the worse of life’s messes | No one will be able to resist a smile when they see this realistic stuffed animal on their birthday or under the tree as a Christmas gift | Wild Republic specializes in educational toys for kids and lifelike stuffed animals",Toys & Games | Stuffed Animals & Plush Toys | Stuffed Animals & Teddy Bears,$16.22,https://images-na.ssl-images-amazon.com/images/I/41uw9MzpQDL.jpg|https://images-na.ssl-images-amazon.com/images/I/41ycMCY50SL.jpg|https://images-na.ssl-images-amazon.com/images/I/51NA7TDChYL.jpg|https://images-na.ssl-images-amazon.com/images/I/41KjMBeeQ%2BL.jpg|https://images-na.ssl-images-amazon.com/images/G/01/x-locale/common/transparent-pixel.jpg
c62585c13e47179bc4680213b47748f3,LEGO Technic Power Functions Motor Set 8293 (10 Pieces),"Make sure this fits by entering your model number. | Power up LEGO Technic creations with this Power Functions Motor Set! | Includes a medium motor, battery box, switch and a light cable with 2 bright LEDs | Switch and cable measures over 9” long. Switch (including orange switch) measures over 1” long and 1’ high and 1” wide. Battery measure of 2” high, 3” wide and 1” deep. M-Motor measure over 1” wide and under 1” high and 1” deep. M-Motor and cable measure over 10” long. Light cable measures over 15” long | LEGO Technic Power Functions Motor Set works with all power function compatible LEGO building toys for creative building | 10 pieces – For boys and girls between the ages of 9 and 16",Toys & Games | Building Toys | Building Sets,$28.82,https://images-na.ssl-images-amazon.com/images/I/51mPJXNVasL.jpg|https://images-na.ssl-images-amazon.com/images/I/41tz57aRkaL.jpg|https://images-na.ssl-images-amazon.com/images/I/51cAaCOwLgL.jpg|https://images-na.ssl-images-amazon.com/images/I/51KYP7B-NbL.jpg|https://images-na.ssl-images-amazon.com/images/I/51yoUNzjZLL.jpg|https://images-na.ssl-images-amazon.com/images/I/41UXaAPw9TL.jpg|https://images-na.ssl-images-amazon.com/images/I/41J2vDBzr9L.jpg|https://images-na.ssl-images-amazon.com/images/G/01/x-locale/common/transparent-pixel.jpg
a9c23e84104c2db9de9e2923e432f290,"WalthersTrainline Ready to Run Union Pacific #908814 Firefighting Car, Green/Black","Colorful, realistic paint scheme | Fully assembled with durable molded details | Use with any HO train set | Magnetic knuckle couplers | Rp-25 metal wheels for use on any HO track Type",Toys & Games | Hobbies | Trains & Accessories | Train Cars | Freight Cars,$17.98,https://images-na.ssl-images-amazon.com/images/I/41rsBcRxpjL.jpg|https://images-na.ssl-images-amazon.com/images/I/61aJLj1brgL.jpg|https://images-na.ssl-images-amazon.com/images/G/01/x-locale/common/transparent-pixel.jpg
e9d6b02c60503e7a5ab3d1dd31f1f21b,Punto Tin -The Pt.-to Pt. Card Game,Make sure this fits by entering your model number. | Get to the points! | Flip your top card and add it to the grid - or cover an opponent's card showing lower points. | Be the first to get four-in-a-row and end up on top! | Comes with 72 cards and rules of play,Toys & Games | Games & Accessories | Card Games,$9.99,https://images-na.ssl-images-amazon.com/images/I/51bd%2BeQz3lL.jpg|https://images-na.ssl-images-amazon.com/images/I/31I6EBH7JiL.jpg|https://images-na.ssl-images-amazon.com/images/I/31sVL0VllML.jpg|https://images-na.ssl-images-amazon.com/images/I/51%2BQiZfwnsL.jpg|https://images-na.ssl-images-amazon.com/images/I/51ioBRGuO0L.jpg|https://images-na.ssl-images-amazon.com/images/G/01/x-locale/common/transparent-pixel.jpg
15b3da22b8a28a4fd632e08d03af7c69,"SpongeBob SquarePants, Masterpiece Memes, 8” Collectible Vinyl Figure, Handsome Squidward (Closed Eyes)","Make sure this fits by entering your model number. | MEMES YOU CAN COLLECT: Hoppin’ clams! Crazy for SpongeBob memes? We are too! Now you can collect your favorite SpongeBob memes with the Masterpiece Memes vinyl figure collection! | THE BEST OF THE BEST: Includes the most popular SpongeBob SquarePants memes: Imaginaaation SpongeBob, SpongeGar, Handsome Squidward, Mocking SpongeBob and Surprised Patrick. | ABOUT HANDSOME SQUIDWARD MEME: This iconic moment was originally seen in the Season 5 episode ""The Two Faces of Squidward."" | Each collectible vinyl figures measures approximately 8” tall. | SpongeBob Masterpiece Memes Handsome Squidward is made for fans ages 6+. | Includes one SpongeBob SquarePants Masterpiece Meme Handsome Squidward vinyl figure. | Material type: plastic",,$20.76,https://images-na.ssl-images-amazon.com/images/I/31xCSUnBSbL.jpg|https://images-na.ssl-images-amazon.com/images/I/31vAZWTaPPL.jpg|https://images-na.ssl-images-amazon.com/images/I/31r44OQ0gOL.jpg|https://images-na.ssl-images-amazon.com/images/I/412iop3IA%2BL.jpg|https://images-na.ssl-images-amazon.com/images/I/51%2BdAL7u6zL.jpg|https://images-na.ssl-images-amazon.com/images/G/01/x-locale/common/transparent-pixel.jpg
01bbe4d02c928d24da487a8749ee2553,Melissa & Doug Bella Butterfly Net,"Make sure this fits by entering your model number. | Bug-catching net for kids | Cheerful colors and butterfly decoration | Fade-resistant materials stand up to outdoor play. | Durable frame and strong polyester netting | Encourages gross motor skills, hand-eye coordination, and exploration of the natural world.","Patio, Lawn & Garden | Outdoor Décor | Backyard Birding & Wildlife | Butterflies",$6.99,https://images-na.ssl-images-amazon.com/images/I/41xKVNjgx5L.jpg|https://images-na.ssl-images-amazon.com/images/I/4188h9xiG0L.jpg|https://images-na.ssl-images-amazon.com/images/I/51-2Zrux0xL.jpg|https://images-na.ssl-images-amazon.com/images/I/51PmCfiuQuL.jpg|https://images-na.ssl-images-amazon.com/images/G/01/x-locale/common/transparent-pixel.jpg
20158a4c459ec9cb6c92aa966cf8196e,Pokemon 3 Inch Alolan Muk Articulated Battle Action Figure,"Make sure this fits by entering your model number. | This pack contains one Alolan Muk 3"" Inch articulated figure | Gotta Catch Em All! Look out for our other Wave 1 Pokemon Figures: Pikachu, Popplio, Rowlet, Littlen, Rattata, Sandygast, Wobbuffet, and Metang. | The Perfect Pokemon Toy for Children 4 years old and up. | Official licensed Pokemon product from Wicked Cool Toys!",Toys & Games | Toy Figures & Playsets | Action Figures,$10.40,https://images-na.ssl-images-amazon.com/images/I/51mRlQcsmPL.jpg|https://images-na.ssl-images-amazon.com/images/I/51n3HmuR0LL.jpg|https://images-na.ssl-images-amazon.com/images/I/41MYePlBfoL.jpg|https://images-na.ssl-images-amazon.com/images/I/61BIV3j5PBL.jpg|https://images-na.ssl-images-amazon.com/images/G/01/x-locale/common/transparent-pixel.jpg
2bf16bce01f0ab06c0541be020568640,"Jada Limited Edition 4"" METALFIGS - Power Rangers - RED Ranger M334 99270",Make sure this fits by entering your model number. | Model: 99270 | Manufacturer: Jada | Color: Red | Scale: figure | Official licensed product,"Toys & Games | Collectible Toys | Statues, Bobbleheads & Busts | Statues",$16.95,https://images-na.ssl-images-amazon.com/images/I/41Ee9SGgPAL.jpg|https://images-na.ssl-images-amazon.com/images/I/41Ee9SGgPAL.jpg|https://images-na.ssl-images-amazon.com/images/G/01/x-locale/common/transparent-pixel.jpg
d97a81d04b9463ebced3488341e8df6a,Medieval Princess Fuschia Child Costume,"Rule strict but fair in this Medieval Princess Fuschia Child Costume. Costume includes dress, crown, and belt. Does not include shoes.","Clothing, Shoes & Jewelry | Costumes & Accessories | Women | Costumes & Cosplay Apparel | Costumes",$22.50 - $49.88,https://images-na.ssl-images-amazon.com/images/I/41TBtiz3qJL.jpg|https://images-na.ssl-images-amazon.com/images/G/01/x-locale/common/transparent-pixel.jpg
292439569150831eb76a89ccd95d97c0,Vallejo Imperial Rome Era Paint Set,Each color is in plastic bottles of 17ml. with an eyedropper device which keeps paint from drying and prevents spills | Colors are completely lightfast and opaque | Contains 16 bottles of 17 ml. (with eyedropper) and color chart,Toys & Games | Hobbies | Hobby Building Tools & Hardware | Paints,$42.99,https://images-na.ssl-images-amazon.com/images/I/51nHN3f%2B4ZL.jpg|https://images-na.ssl-images-amazon.com/images/G/01/x-locale/common/transparent-pixel.jpg
6932ffb2c1475a79312b47f46b24e64a,Indie Boards and Cards Flash Point Fire Rescue 2nd Story,Make sure this fits by entering your model number. | For 2 to 6 players | Takes 30 minutes playtime | Core game flash point fire rescue required to play this expansion,Toys & Games | Games & Accessories | Board Games,$14.99,https://images-na.ssl-images-amazon.com/images/I/51J5ntMOl0L.jpg|https://images-na.ssl-images-amazon.com/images/G/01/x-locale/common/transparent-pixel.jpg
dfd0ea3e5fc05786ed12ea1f083b34ae,Dremel 7103 5/64-Inch Diamond Wheel Point,"Make sure this fits by entering your model number. | Use for fine detail work, cutting, engraving, carving, touch-up and finishing | Use on wood, jade, ceramic, glass, hardened steel | Bits are covered with diamond particles | Use with #481 collet, or #4486 Dremel Chuck",Tools & Home Improvement | Power & Hand Tools | Power Tool Parts & Accessories | Power Rotary Tool Parts & Accessories | Attachments,$6.96,https://images-na.ssl-images-amazon.com/images/I/31FSCOv3hoL.jpg|https://images-na.ssl-images-amazon.com/images/I/41BezNJK0EL.jpg|https://images-na.ssl-images-amazon.com/images/I/5150BQeCbML.jpg|https://images-na.ssl-images-amazon.com/images/I/51VxgFrm4hL.jpg|https://images-na.ssl-images-amazon.com/images/I/41ZdSd2pCIL.jpg|https://images-na.ssl-images-amazon.com/images/I/41hXHC-if8L.jpg|https://images-na.ssl-images-amazon.com/images/I/51hOS2klyxL.jpg|https://images-na.ssl-images-amazon.com/images/G/01/x-locale/common/transparent-pixel.jpg
069bea5286f41eebb25793d9ca9b4ffa,"American Greetings My Little Pony Swirl Decorations, 12-Count, Multicolored - AMI 675513","Make sure this fits by entering your model number. | Swirl decoration value pack! | Package includes 6 foil swirl decorations, 3 foil swirl decorations with 7 in. cutouts, and 3 foil swirl decorations with 5 in. cutouts | 6-ft. string decorations provide up to 36 ft. of decorating! Includes plastic hooks for easy hanging. | My Little Pony birthday decoration kit feature foil swirls and cardstock cutouts with images of the magical ponies from Ponyville! | Perfect American Greetings party supplies for a kid's birthday party or My Little Pony themed party",Toys & Games | Party Supplies,$7.90,https://images-na.ssl-images-amazon.com/images/I/41CpBkwxS9L.jpg|https://images-na.ssl-images-amazon.com/images/I/51MAHwsAUdL.jpg|https://images-na.ssl-images-amazon.com/images/I/51pzhi2Ce9L.jpg|https://images-na.ssl-images-amazon.com/images/G/01/x-locale/common/transparent-pixel.jpg
